city and state,city,state,Unnamed: 0,osm_arts_centre_count,osm_concert_hall_count,osm_gallery_count,osm_live_music_bar_pub_count,osm_museum_count,osm_music_theatre_count,osm_music_venue_count,osm_nightclub_count,osm_park_count,osm_stadium_count,osm_theatre_count,osm_cultural_pois_total,water_type,count,tm_arts_theatre_venues,tm_music_venues,tm_other_venues,tm_sports_venues
"Anchorage, AK",Anchorage,AK,72,2,0,3,0,7,0,0,1,181,11,11,216,coastline,32,1,0,1,1
"Auburn, AL",Auburn,AL,485,0,0,0,0,1,0,0,1,35,9,2,48,river,35,0,1,0,0
"Birmingham, AL",Birmingham,AL,118,2,0,0,0,9,0,0,6,125,19,11,172,,0,6,10,1,3
"Decatur, AL",Decatur,AL,709,2,0,1,0,2,0,0,0,43,2,3,53,marina,14,0,0,0,0
"Dothan, AL",Dothan,AL,529,1,0,1,0,3,0,0,0,47,1,1,54,lake,92,1,1,0,0
"Hoover, AL",Hoover,AL,368,0,0,0,0,0,0,0,0,52,3,3,58,river,23,0,0,0,0
"Huntsville, AL",Huntsville,AL,105,1,0,2,0,12,0,0,2,87,8,8,120,river,22,4,5,0,1
"Madison, AL",Madison,AL,722,1,0,2,0,11,0,0,2,71,8,7,102,river,33,0,0,0,0
"Mobile, AL",Mobile,AL,138,0,0,1,0,17,0,0,2,75,9,10,114,river,20,2,5,0,2
"Montgomery, AL",Montgomery,AL,119,1,0,0,0,15,0,0,1,68,9,4,98,river,3,3,4,0,3
"Tuscaloosa, AL",Tuscaloosa,AL,331,3,0,4,0,9,0,0,2,104,12,4,138,river,50,0,1,0,2
"Bentonville, AR",Bentonville,AR,761,3,0,0,0,7,0,0,0,84,1,11,106,beach,131,0,1,0,0
"Conway, AR",Conway,AR,612,1,0,0,0,1,0,0,0,19,34,3,58,river,64,0,0,0,0
"Fayetteville, AR",Fayetteville,AR,360,3,0,0,0,3,0,1,4,52,7,5,75,river,94,2,1,0,2
"Fort Smith, AR",Fort Smith,AR,392,1,0,2,0,6,0,0,0,55,1,3,68,river,7,2,2,0,0
"Jonesboro, AR",Jonesboro,AR,467,0,0,0,0,1,0,0,0,17,1,2,21,river,25,1,0,0,1
"Little Rock, AR",Little Rock,AR,115,2,0,1,0,12,0,0,2,137,6,11,171,marina,15,1,2,0,0
"North Little Rock, AR",North Little Rock,AR,605,2,0,1,0,12,0,0,2,132,6,9,164,lake,8,1,1,0,1
"Rogers, AR",Rogers,AR,548,3,0,0,0,6,0,0,0,57,1,11,78,lake,90,0,0,0,0
"Springdale, AR",Springdale,AR,423,1,0,0,0,3,0,0,0,33,0,1,38,river,40,0,0,0,0
"Avondale, AZ",Avondale,AZ,388,0,0,0,0,0,0,0,0,274,3,3,280,river,2,0,0,0,0
"Buckeye, AZ",Buckeye,AZ,372,0,0,0,0,1,0,0,0,154,0,0,155,,0,0,0,0,0
"Casa Grande, AZ",Casa Grande,AZ,772,0,0,0,0,1,0,0,0,53,0,0,54,,0,0,0,0,0
"Chandler, AZ",Chandler,AZ,77,1,0,6,0,4,0,0,1,1242,7,12,1273,lake,2,2,3,0,0
"Flagstaff, AZ",Flagstaff,AZ,478,0,0,1,0,25,0,0,0,36,2,2,66,river,100,0,2,0,0
"Gilbert, AZ",Gilbert,AZ,81,2,0,10,0,5,0,0,2,1307,15,22,1363,lake,1,0,0,0,0
"Glendale, AZ",Glendale,AZ,91,1,0,0,0,3,0,0,4,259,7,3,277,,0,0,2,0,4
"Goodyear, AZ",Goodyear,AZ,351,0,0,0,0,0,0,0,0,230,4,3,237,lake,14,0,0,0,1
"Lake Havasu City, AZ",Lake Havasu City,AZ,719,0,0,0,0,0,0,0,0,13,0,0,13,beach,71,0,1,0,0
"Marana, AZ",Marana,AZ,799,0,0,0,0,0,0,0,0,37,0,0,37,river,28,0,0,0,0
"Maricopa, AZ",Maricopa,AZ,706,0,0,0,0,1,0,0,0,57,0,1,59,river,6,0,1,0,0
"Mesa, AZ",Mesa,AZ,37,2,0,12,0,12,0,0,2,861,25,18,932,,0,0,9,0,3
"Oro Valley, AZ",Oro Valley,AZ,888,0,0,1,0,1,0,0,0,40,0,2,44,river,59,0,0,0,0
"Peoria, AZ",Peoria,AZ,132,2,0,1,0,4,0,0,1,330,3,4,345,lake,1,0,0,0,1
"Phoenix, AZ",Phoenix,AZ,5,3,0,21,0,14,0,1,15,250,9,20,333,,0,15,19,3,5
"Prescott, AZ",Prescott,AZ,910,0,0,1,0,4,0,0,1,25,0,2,33,river,78,0,0,0,0
"Prescott Valley, AZ",Prescott Valley,AZ,895,0,0,0,0,2,0,0,1,24,0,1,28,river,1,1,1,0,1
"Queen Creek, AZ",Queen Creek,AZ,682,0,0,1,0,1,0,0,0,824,0,8,834,,0,0,0,0,0
"Scottsdale, AZ",Scottsdale,AZ,93,2,0,24,0,14,0,0,3,218,17,14,292,lake,25,3,5,1,2
"Sierra Vista, AZ",Sierra Vista,AZ,923,0,0,0,0,2,0,0,0,34,0,0,36,river,37,0,0,0,0
"Surprise, AZ",Surprise,AZ,189,3,0,0,0,1,0,0,0,345,5,1,355,lake,9,0,0,0,1
"Tempe, AZ",Tempe,AZ,143,3,0,29,0,16,0,0,3,483,16,21,571,beach,14,3,5,0,5
"Tucson, AZ",Tucson,AZ,33,2,0,8,0,20,0,0,3,187,17,12,249,river,108,10,15,0,3
"Yuma, AZ",Yuma,AZ,347,1,0,0,0,6,0,0,1,48,1,0,57,beach,19,0,0,0,0
"Alameda, CA",Alameda,CA,469,1,0,4,0,6,0,0,0,82,3,5,101,river,55,0,0,0,0
"Alhambra, CA",Alhambra,CA,433,8,0,7,0,34,0,0,2,226,17,25,319,river,19,0,0,0,0
"Aliso Viejo, CA",Aliso Viejo,CA,797,2,0,3,0,2,0,0,0,273,1,11,292,river,11,0,0,0,0
"Anaheim, CA",Anaheim,CA,56,3,0,6,0,14,0,0,1,231,9,58,322,river,6,2,4,0,2
"Antioch, CA",Antioch,CA,254,0,0,0,0,2,0,0,0,116,19,1,138,coastline,49,0,0,0,0
"Apple Valley, CA",Apple Valley,CA,489,0,0,0,0,1,0,0,0,22,1,1,25,,0,0,0,0,0
"Arcadia, CA",Arcadia,CA,724,2,0,1,0,18,0,0,1,117,5,10,154,lake,27,0,0,0,1
"Azusa, CA",Azusa,CA,832,0,0,2,0,7,0,0,1,115,2,9,136,lake,3,0,0,0,0
"Bakersfield, CA",Bakersfield,CA,48,0,0,0,0,3,0,0,0,107,2,9,121,lake,12,3,7,0,1
"Baldwin Park, CA",Baldwin Park,CA,521,0,0,1,0,11,0,0,1,144,4,9,170,,0,0,0,0,0
"Beaumont, CA",Beaumont,CA,785,0,0,0,0,4,0,0,0,38,0,1,43,river,9,0,0,0,0
"Bellflower, CA",Bellflower,CA,460,0,0,1,0,8,0,0,3,228,5,12,257,river,2,1,1,0,0
"Berkeley, CA",Berkeley,CA,230,16,0,42,7,27,0,5,9,335,7,59,507,river,124,0,3,0,2
"Brea, CA",Brea,CA,883,4,0,3,0,12,0,0,1,204,2,17,243,river,36,2,1,0,0
"Brentwood, CA",Brentwood,CA,609,0,0,0,0,0,0,0,0,123,18,0,141,river,17,0,0,0,0
"Buena Park, CA",Buena Park,CA,424,2,0,3,0,9,0,0,0,262,2,47,325,river,12,0,0,0,0
"Burbank, CA",Burbank,CA,295,6,0,11,0,30,0,0,15,166,1,52,281,river,21,0,0,0,0
"Camarillo, CA",Camarillo,CA,534,1,0,1,0,4,0,0,0,64,0,1,71,river,18,0,0,0,0
"Campbell, CA",Campbell,CA,958,11,1,14,0,25,0,2,19,270,16,44,402,river,17,0,0,0,0
"Carlsbad, CA",Carlsbad,CA,259,0,0,2,0,5,0,0,0,107,4,11,129,beach,11,0,0,0,0
"Carson, CA",Carson,CA,346,1,0,3,0,11,0,0,3,196,8,15,237,river,2,0,0,0,1
"Cathedral City, CA",Cathedral City,CA,806,3,0,5,0,11,0,0,3,49,2,11,84,river,4,0,0,0,0
"Ceres, CA",Ceres,CA,846,0,0,1,0,3,0,0,4,88,4,6,106,,0,0,0,0,0
"Cerritos, CA",Cerritos,CA,840,0,0,0,0,8,0,0,3,239,5,23,278,river,4,1,1,1,0
"Chico, CA",Chico,CA,318,2,0,0,0,11,0,0,0,44,1,5,63,river,8,0,1,0,0
"Chino, CA",Chino,CA,374,0,0,2,0,14,0,0,1,205,5,5,232,,0,0,0,0,0
"Chino Hills, CA",Chino Hills,CA,468,0,0,1,0,3,0,0,0,137,5,3,149,river,11,0,0,0,0
"Chula Vista, CA",Chula Vista,CA,78,3,0,2,0,5,0,0,0,228,3,10,251,coastline,9,0,0,0,0
"Citrus Heights, CA",Citrus Heights,CA,399,1,0,0,0,10,0,0,1,227,2,12,253,river,5,0,0,0,0
"Clovis, CA",Clovis,CA,237,2,0,0,0,2,0,0,1,195,9,0,209,river,20,0,0,0,0
"Colton, CA",Colton,CA,767,0,0,0,0,11,0,0,4,159,6,10,190,river,3,0,0,0,0
"Compton, CA",Compton,CA,345,0,0,0,0,5,0,0,4,195,7,2,213,,0,0,0,0,0
"Concord, CA",Concord,CA,227,0,0,2,0,8,0,0,1,137,3,6,157,river,49,0,0,0,0
"Corona, CA",Corona,CA,165,0,0,2,0,4,0,0,0,160,2,9,177,river,1,0,1,0,1
"Costa Mesa, CA",Costa Mesa,CA,272,2,0,9,0,9,0,0,2,320,8,16,366,river,12,1,3,0,0
"Covina, CA",Covina,CA,811,0,0,2,0,6,0,0,1,143,5,8,165,river,9,1,0,0,0
"Cupertino, CA",Cupertino,CA,666,4,0,4,0,16,0,0,8,245,10,35,322,river,42,0,0,0,0
"Cypress, CA",Cypress,CA,828,1,0,0,0,7,0,0,1,232,9,26,276,river,5,0,0,0,0
"Daly City, CA",Daly City,CA,305,17,0,17,4,10,0,1,13,303,5,23,393,beach,21,0,0,0,0
"Danville, CA",Danville,CA,970,1,0,1,0,3,0,0,1,67,1,5,79,river,88,0,0,0,0
"Davis, CA",Davis,CA,582,1,0,4,0,4,0,0,0,143,4,5,161,river,13,0,0,0,0
"Delano, CA",Delano,CA,807,0,0,0,0,1,0,0,0,15,0,1,17,,0,0,0,0,0
"Diamond Bar, CA",Diamond Bar,CA,745,0,0,2,0,6,0,0,1,150,5,3,167,river,13,0,0,0,0
"Downey, CA",Downey,CA,264,0,0,1,0,10,0,0,4,260,3,8,286,river,3,0,2,0,0
"Dublin, CA",Dublin,CA,517,0,0,1,0,4,0,0,1,156,2,7,171,river,105,0,0,0,0
"Eastvale, CA",Eastvale,CA,549,0,0,1,0,7,0,0,0,182,1,7,198,beach,1,0,0,0,0
"El Cajon, CA",El Cajon,CA,298,1,0,1,0,5,0,0,1,121,0,9,138,river,16,2,1,1,0
"El Centro, CA",El Centro,CA,950,0,0,0,0,2,0,0,2,36,0,2,42,,0,0,0,0,1
"El Monte, CA",El Monte,CA,285,1,0,1,0,15,0,0,1,147,5,6,176,river,7,0,0,0,0
"Elk Grove, CA",Elk Grove,CA,147,0,0,1,0,2,0,0,0,136,0,2,141,river,7,0,2,0,0
"Encinitas, CA",Encinitas,CA,637,0,0,2,0,2,0,0,0,124,1,6,135,beach,12,0,0,0,0
"Escondido, CA",Escondido,CA,177,3,0,1,0,2,0,0,1,86,3,7,103,lake,2,1,0,0,0
"Fairfield, CA",Fairfield,CA,238,0,0,0,0,2,0,0,0,54,0,0,56,lake,14,0,0,0,0
"Folsom, CA",Folsom,CA,447,0,0,1,0,7,0,0,0,160,4,5,177,beach,102,1,1,0,0
"Fontana, CA",Fontana,CA,111,1,0,2,0,5,0,0,0,180,0,8,196,,0,0,3,0,0
"Fountain Valley, CA",Fountain Valley,CA,720,2,0,8,0,9,0,0,2,221,5,17,264,river,3,0,0,0,0
"Fremont, CA",Fremont,CA,96,1,0,4,0,8,0,0,0,136,3,7,159,river,13,0,0,0,0
"Fresno, CA",Fresno,CA,34,3,0,3,0,5,0,0,2,111,10,5,139,,0,4,7,0,3
"Fullerton, CA",Fullerton,CA,188,3,0,4,0,10,0,0,1,253,5,52,328,river,35,0,0,0,0
"Garden Grove, CA",Garden Grove,CA,154,2,0,5,0,11,0,0,1,247,8,51,325,,0,0,1,1,0
"Gardena, CA",Gardena,CA,655,1,0,5,0,12,0,0,0,241,13,14,286,river,19,0,0,0,0
"Gilroy, CA",Gilroy,CA,681,3,0,1,0,2,0,0,1,31,2,5,45,river,44,0,0,0,0
"Glendale, CA",Glendale,CA,126,13,0,23,0,56,0,0,19,229,12,64,416,river,23,1,1,0,0
"Glendora, CA",Glendora,CA,793,0,0,2,0,5,0,0,1,120,3,8,139,lake,8,0,0,0,0
"Hanford, CA",Hanford,CA,708,1,0,0,0,2,0,0,0,22,0,0,25,,0,0,0,0,0
"Hawthorne, CA",Hawthorne,CA,397,2,0,6,0,13,0,0,1,256,13,18,309,river,9,0,0,0,0
"Hayward, CA",Hayward,CA,161,1,0,1,0,5,0,0,0,152,3,7,169,river,81,0,0,0,0
"Hemet, CA",Hemet,CA,387,0,0,1,0,6,0,0,0,79,1,1,88,,0,0,0,0,0
"Hesperia, CA",Hesperia,CA,329,0,0,0,0,1,0,0,0,30,0,0,31,river,11,0,1,0,0
"Highland, CA",Highland,CA,721,1,0,0,0,8,0,0,1,103,2,10,125,river,6,2,3,0,0
"Huntington Beach, CA",Huntington Beach,CA,124,0,0,2,0,6,0,0,1,177,3,9,198,beach,6,0,0,0,0
"Huntington Park, CA",Huntington Park,CA,746,3,0,28,0,36,0,1,12,252,13,39,384,,0,0,0,0,0
"Indio, CA",Indio,CA,393,2,0,3,0,4,0,0,0,67,4,4,84,lake,2,0,1,0,0
"Inglewood, CA",Inglewood,CA,291,2,0,4,0,14,0,0,2,246,15,30,313,lake,2,3,5,0,3
"Irvine, CA",Irvine,CA,66,5,0,8,0,9,0,0,2,461,14,19,518,lake,18,2,0,0,0
"Jurupa Valley, CA",Jurupa Valley,CA,304,1,0,2,0,12,0,0,1,163,2,8,189,river,11,0,0,0,0
"La Habra, CA",La Habra,CA,625,1,0,3,0,11,0,0,0,203,4,21,243,river,19,0,0,0,0
"La Mesa, CA",La Mesa,CA,649,2,0,4,0,8,0,0,2,157,5,17,195,lake,7,0,0,0,0
"La Mirada, CA",La Mirada,CA,868,1,0,2,0,9,0,0,0,254,4,32,302,river,10,0,0,0,0
"Laguna Niguel, CA",Laguna Niguel,CA,606,2,0,3,0,3,0,0,0,225,5,12,250,river,10,0,0,0,0
"Lake Elsinore, CA",Lake Elsinore,CA,541,0,0,0,0,0,0,0,0,83,1,2,86,beach,6,0,0,0,0
"Lake Forest, CA",Lake Forest,CA,412,1,0,0,0,1,0,0,0,365,7,10,384,lake,21,0,0,0,0
"Lakewood, CA",Lakewood,CA,435,1,0,0,0,6,0,0,4,272,8,15,306,river,16,0,0,0,0
"Lancaster, CA",Lancaster,CA,153,1,0,0,0,2,0,0,0,18,3,0,24,,0,0,1,0,0
"Lincoln, CA",Lincoln,CA,837,0,0,0,0,1,0,0,0,43,0,0,44,beach,51,1,1,0,0
"Livermore, CA",Livermore,CA,398,0,0,1,0,2,0,0,1,122,1,9,136,river,19,0,0,1,0
"Lodi, CA",Lodi,CA,587,0,0,0,0,2,0,0,1,37,0,3,43,beach,6,0,0,0,1
"Lompoc, CA",Lompoc,CA,944,0,0,0,0,2,0,0,0,23,0,1,26,river,3,0,0,0,0
"Long Beach, CA",Long Beach,CA,42,2,0,5,0,8,0,0,2,174,5,17,213,beach,14,4,4,0,1
"Los Angeles, CA",Los Angeles,CA,2,11,0,46,0,56,0,1,29,267,22,86,518,river,3,13,39,3,7
"Los Banos, CA",Los Banos,CA,917,0,0,0,0,1,0,0,2,40,0,0,43,river,2,0,0,0,0
"Lynwood, CA",Lynwood,CA,576,0,0,1,0,7,0,0,3,208,9,4,232,river,3,0,0,0,0
"Madera, CA",Madera,CA,590,0,0,0,0,1,0,0,0,7,0,0,8,lake,118,0,0,0,0
"Manteca, CA",Manteca,CA,429,0,0,0,0,1,0,0,0,118,0,0,119,river,1,0,0,0,0
"Menifee, CA",Menifee,CA,313,0,0,0,0,1,0,0,0,132,0,5,138,river,6,0,0,0,0
"Merced, CA",Merced,CA,411,0,0,0,0,0,0,0,0,2,0,0,2,river,41,0,0,0,0
"Milpitas, CA",Milpitas,CA,452,2,1,5,0,7,0,1,3,155,7,9,190,river,102,0,0,0,0
"Mission Viejo, CA",Mission Viejo,CA,362,1,0,0,0,1,0,0,0,311,1,10,324,river,9,0,0,0,0
"Modesto, CA",Modesto,CA,104,0,0,1,0,3,0,0,4,112,5,5,130,beach,6,0,0,0,0
"Montebello, CA",Montebello,CA,630,1,0,1,0,11,0,0,1,221,9,14,258,river,2,0,0,0,0
"Monterey Park, CA",Monterey Park,CA,650,2,0,10,0,35,0,0,1,212,13,13,286,,0,0,0,0,0
"Moreno Valley, CA",Moreno Valley,CA,109,0,0,0,0,2,0,0,0,66,1,3,72,,0,0,0,0,0
"Morgan Hill, CA",Morgan Hill,CA,918,1,0,0,0,3,0,0,0,128,2,2,136,river,58,0,0,0,0
"Mountain View, CA",Mountain View,CA,438,5,0,5,0,18,0,0,6,254,15,35,338,river,67,0,0,0,0
"Murrieta, CA",Murrieta,CA,278,0,0,0,0,4,0,0,2,147,3,6,162,river,5,0,1,0,0
"Napa, CA",Napa,CA,458,0,0,1,0,0,0,0,0,1,0,0,2,river,2,1,3,2,0
"National City, CA",National City,CA,728,9,0,13,0,37,0,0,11,235,6,30,341,coastline,30,0,0,0,0
"Newark, CA",Newark,CA,880,1,0,4,0,7,0,0,0,127,3,8,150,river,90,0,0,0,0
"Newport Beach, CA",Newport Beach,CA,418,1,0,7,0,7,0,0,1,177,5,11,209,beach,21,0,0,0,0
"Norwalk, CA",Norwalk,CA,312,0,0,1,0,8,0,0,4,251,6,14,284,,0,0,0,0,0
"Novato, CA",Novato,CA,778,1,0,0,0,5,0,0,0,70,1,2,79,river,53,0,1,0,0
"Oakland, CA",Oakland,CA,45,22,0,44,7,32,0,5,9,332,10,55,516,beach,48,2,7,0,0
"Oakley, CA",Oakley,CA,978,0,0,0,0,0,0,0,0,130,19,0,149,coastline,24,0,0,0,0
"Oceanside, CA",Oceanside,CA,152,0,0,1,0,4,0,0,0,84,4,9,102,beach,21,0,0,1,1
"Ontario, CA",Ontario,CA,149,1,0,6,0,16,0,0,2,174,8,9,216,river,1,2,1,0,2
"Orange, CA",Orange,CA,196,3,0,10,0,15,0,0,2,294,9,47,380,river,1,0,0,0,0
"Oxnard, CA",Oxnard,CA,117,2,0,0,1,8,0,0,1,140,0,2,154,,0,2,2,0,0
"Palm Desert, CA",Palm Desert,CA,813,3,0,6,0,3,0,0,0,46,5,10,73,lake,2,2,2,0,1
"Palm Springs, CA",Palm Springs,CA,937,1,0,3,0,10,0,0,3,32,1,6,56,river,9,1,1,1,0
"Palmdale, CA",Palmdale,CA,157,1,0,0,0,2,0,0,0,30,0,2,35,river,22,1,1,0,0
"Palo Alto, CA",Palo Alto,CA,562,7,0,10,0,16,0,0,5,235,11,29,313,coastline,11,0,0,0,0
"Paramount, CA",Paramount,CA,770,0,0,1,0,10,0,0,3,239,10,7,270,river,4,0,0,0,0
"Pasadena, CA",Pasadena,CA,199,9,0,8,0,34,0,0,2,160,13,24,250,river,7,1,1,1,2
"Perris, CA",Perris,CA,465,0,0,0,0,4,0,0,0,48,0,2,54,river,1,0,0,0,0
"Petaluma, CA",Petaluma,CA,674,1,0,0,0,3,0,0,0,56,0,4,64,river,7,0,0,0,0
"Pico Rivera, CA",Pico Rivera,CA,636,1,0,1,0,10,0,0,1,216,6,10,245,river,4,0,0,0,0
"Pittsburg, CA",Pittsburg,CA,481,0,0,0,0,4,0,0,1,94,2,2,103,coastline,43,0,0,0,0
"Placentia, CA",Placentia,CA,801,4,0,5,0,15,0,0,1,228,5,44,302,river,12,0,0,0,0
"Pleasanton, CA",Pleasanton,CA,453,0,0,1,0,6,0,0,1,160,2,9,179,river,67,0,0,0,0
"Pomona, CA",Pomona,CA,176,1,0,8,0,13,0,0,1,196,10,10,239,river,5,0,4,1,1
"Porterville, CA",Porterville,CA,631,0,0,0,0,1,0,0,0,19,1,1,22,river,40,0,0,0,0
"Poway, CA",Poway,CA,855,2,0,0,0,2,0,0,0,119,0,9,132,river,34,0,0,0,0
"Rancho Cordova, CA",Rancho Cordova,CA,457,0,0,0,0,5,0,0,1,141,1,7,155,river,3,0,0,0,0
"Rancho Cucamonga, CA",Rancho Cucamonga,CA,151,4,0,1,0,6,0,0,1,142,6,4,164,,0,0,0,0,0
"Rancho Palos Verdes, CA",Rancho Palos Verdes,CA,998,11,0,7,0,8,0,0,0,97,1,15,139,beach,34,0,0,0,0
"Rancho Santa Margarita, CA",Rancho Santa Margarita,CA,870,0,0,0,0,0,0,0,0,206,1,5,212,river,13,0,0,0,0
"Redding, CA",Redding,CA,363,1,0,3,0,8,0,0,0,63,1,4,80,river,130,1,2,0,0
"Redlands, CA",Redlands,CA,510,1,0,0,0,8,0,0,1,105,1,10,126,river,1,0,0,0,0
"Redondo Beach, CA",Redondo Beach,CA,527,1,0,8,0,13,0,0,1,221,4,18,266,beach,9,0,0,0,0
"Redwood City, CA",Redwood City,CA,422,8,0,10,0,14,0,0,2,270,14,15,333,coastline,138,0,0,0,0
"Rialto, CA",Rialto,CA,308,0,0,2,0,12,0,0,4,170,6,12,206,,0,0,0,0,0
"Richmond, CA",Richmond,CA,249,4,0,2,0,13,0,0,1,191,0,25,236,coastline,73,0,0,0,0
"Riverside, CA",Riverside,CA,61,1,0,1,0,11,0,0,1,132,3,3,152,lake,9,1,3,0,1
"Rocklin, CA",Rocklin,CA,526,1,0,0,0,7,0,0,1,151,1,7,168,river,116,0,0,0,0
"Rohnert Park, CA",Rohnert Park,CA,947,0,0,0,0,0,0,0,0,77,1,2,80,river,47,1,1,0,0
"Rosemead, CA",Rosemead,CA,812,2,0,2,0,14,0,0,2,175,13,13,221,river,3,0,0,0,0
"Roseville, CA",Roseville,CA,186,1,0,0,0,6,0,0,1,229,1,7,245,river,45,0,1,0,0
"Sacramento, CA",Sacramento,CA,35,5,0,6,0,16,0,1,10,335,3,14,390,beach,13,6,8,1,1
"Salinas, CA",Salinas,CA,160,0,0,0,0,3,0,0,0,111,1,4,119,river,64,0,0,0,0
"San Bernardino, CA",San Bernardino,CA,102,0,0,0,0,0,0,0,0,0,0,0,0,,0,1,1,0,0
"San Bruno, CA",San Bruno,CA,961,5,0,6,0,10,0,0,0,162,0,2,185,coastline,49,0,0,0,0
"San Clemente, CA",San Clemente,CA,608,0,0,0,0,4,0,0,0,85,5,4,98,beach,38,0,0,0,0
"San Diego, CA",San Diego,CA,8,9,0,17,0,56,0,1,14,236,15,45,393,beach,23,6,29,1,4
"San Francisco, CA",San Francisco,CA,17,35,1,72,9,58,0,2,39,365,9,79,669,coastline,4,15,30,7,1
"San Jacinto, CA",San Jacinto,CA,768,0,0,1,0,6,0,0,0,76,1,1,85,lake,4,0,0,0,0
"San Jose, CA",San Jose,CA,10,8,1,13,0,21,0,2,20,315,17,32,429,river,15,7,6,1,4
"San Leandro, CA",San Leandro,CA,378,6,0,2,0,7,0,0,0,161,4,4,184,river,22,0,1,0,0
"San Luis Obispo, CA",San Luis Obispo,CA,889,0,0,0,0,0,0,0,0,0,0,0,0,river,40,1,4,1,1
"San Marcos, CA",San Marcos,CA,354,3,0,1,0,3,0,0,1,136,2,6,152,river,4,0,0,0,0
"San Mateo, CA",San Mateo,CA,301,7,0,3,0,9,0,0,2,186,2,8,217,river,55,0,0,0,0
"San Rafael, CA",San Rafael,CA,645,1,0,1,0,7,0,1,0,108,0,11,129,coastline,204,0,0,0,0
"San Ramon, CA",San Ramon,CA,421,1,0,1,0,7,0,0,1,136,0,4,150,river,96,0,0,0,0
"Santa Ana, CA",Santa Ana,CA,64,3,0,10,0,14,0,0,2,290,9,47,375,river,1,0,5,0,0
"Santa Barbara, CA",Santa Barbara,CA,395,2,0,7,2,18,0,1,1,98,5,12,146,beach,36,3,4,1,0
"Santa Clara, CA",Santa Clara,CA,217,9,1,14,0,26,0,2,21,324,20,39,456,river,14,0,0,0,2
"Santa Clarita, CA",Santa Clarita,CA,98,0,0,0,0,5,0,0,0,77,0,6,88,river,37,0,0,0,0
"Santa Cruz, CA",Santa Cruz,CA,626,9,0,3,0,8,0,0,2,128,2,34,186,river,67,0,4,0,1
"Santa Maria, CA",Santa Maria,CA,283,0,0,0,0,5,0,0,0,46,3,2,56,,0,0,0,0,0
"Santa Monica, CA",Santa Monica,CA,364,9,0,11,0,17,0,1,2,163,5,32,240,beach,24,0,0,0,0
"Santa Rosa, CA",Santa Rosa,CA,145,2,0,4,0,6,0,0,1,123,7,4,147,river,80,3,1,0,0
"Santee, CA",Santee,CA,671,1,0,0,0,4,0,0,1,87,0,8,101,lake,16,0,0,0,0
"Simi Valley, CA",Simi Valley,CA,221,3,0,0,0,7,0,0,0,82,1,8,101,river,17,0,0,0,0
"South Gate, CA",South Gate,CA,367,0,0,2,0,6,0,0,2,201,3,4,218,river,3,0,0,0,0
"South San Francisco, CA",South San Francisco,CA,591,6,0,8,0,8,0,0,3,220,2,4,251,coastline,41,0,0,0,0
"Stockton, CA",Stockton,CA,58,0,0,1,0,3,0,0,1,94,3,6,108,lake,14,2,2,0,1
"Sunnyvale, CA",Sunnyvale,CA,169,5,0,3,0,16,0,0,8,276,9,35,352,river,3,0,0,0,0
"Temecula, CA",Temecula,CA,281,0,0,0,0,5,0,0,3,233,14,11,266,river,25,1,1,0,1
"Thousand Oaks, CA",Thousand Oaks,CA,219,3,0,2,0,7,0,0,1,100,3,9,125,river,44,2,2,0,0
"Torrance, CA",Torrance,CA,187,1,0,8,0,13,0,0,0,234,9,19,284,river,3,0,0,0,0
"Tracy, CA",Tracy,CA,365,1,0,0,0,2,0,0,0,224,0,2,229,,0,0,0,0,0
"Tulare, CA",Tulare,CA,558,0,0,0,0,0,0,0,0,0,0,0,0,river,19,0,0,0,0
"Turlock, CA",Turlock,CA,513,1,0,1,0,1,0,0,0,55,1,8,67,,0,1,0,0,1
"Tustin, CA",Tustin,CA,451,5,0,9,0,11,0,0,2,396,6,20,449,river,1,0,0,0,0
"Union City, CA",Union City,CA,544,1,0,4,0,8,0,0,0,170,4,12,199,beach,54,0,0,0,0
"Upland, CA",Upland,CA,462,5,0,7,0,11,0,0,2,149,9,11,194,river,1,0,0,0,0
"Vacaville, CA",Vacaville,CA,314,0,0,1,0,4,0,0,0,76,5,4,90,river,15,1,1,0,1
"Vallejo, CA",Vallejo,CA,223,0,0,0,0,3,0,0,0,96,2,12,113,lake,16,0,0,0,0
"Ventura, CA",Ventura,CA,279,0,0,0,0,0,0,0,0,9,0,2,11,river,62,1,4,0,0
"Victorville, CA",Victorville,CA,209,0,0,0,0,2,0,0,0,33,0,1,36,river,8,0,0,0,0
"Visalia, CA",Visalia,CA,192,0,0,0,0,2,0,0,0,75,2,6,85,river,37,0,0,0,0
"Vista, CA",Vista,CA,337,1,0,0,0,18,0,0,0,118,3,6,146,river,31,0,0,0,0
"Walnut Creek, CA",Walnut Creek,CA,545,1,0,2,0,5,0,0,1,101,3,10,123,river,69,0,0,0,0
"Watsonville, CA",Watsonville,CA,792,1,0,2,0,3,0,0,0,71,0,3,80,river,28,0,0,0,0
"West Covina, CA",West Covina,CA,284,0,0,1,0,9,0,0,1,134,4,9,158,,0,0,0,0,0
"West Sacramento, CA",West Sacramento,CA,766,5,0,6,0,15,0,1,10,291,3,14,345,beach,13,0,0,0,0
"Westminster, CA",Westminster,CA,379,0,0,1,0,7,0,0,1,247,4,43,303,,0,0,0,0,0
"Whittier, CA",Whittier,CA,403,0,0,1,0,11,0,0,1,186,4,11,214,river,8,0,0,0,0
"Woodland, CA",Woodland,CA,653,0,0,0,0,3,0,0,0,79,0,2,84,beach,2,0,0,0,0
"Yorba Linda, CA",Yorba Linda,CA,565,3,0,3,0,10,0,0,1,157,2,12,188,river,11,0,0,0,0
"Yuba City, CA",Yuba City,CA,546,0,0,0,0,3,0,0,0,48,2,2,55,lake,13,0,0,0,0
"Yucaipa, CA",Yucaipa,CA,755,0,0,1,0,4,0,0,0,41,0,1,47,river,25,1,1,0,0
"Arvada, CO",Arvada,CO,229,10,0,45,0,14,0,0,12,325,8,34,448,river,22,0,0,0,0
"Aurora, CO",Aurora,CO,51,3,0,1,0,6,0,0,5,385,4,10,414,river,17,0,1,0,1
"Boulder, CO",Boulder,CO,289,4,0,2,0,12,0,1,1,118,2,14,154,lake,81,3,2,2,1
"Broomfield, CO",Broomfield,CO,502,2,0,5,0,5,0,0,0,377,3,9,401,lake,23,0,0,0,0
"Castle Rock, CO",Castle Rock,CO,511,1,0,0,0,1,0,0,0,78,0,1,81,lake,78,0,0,0,0
"Centennial, CO",Centennial,CO,288,1,0,1,0,1,0,0,3,332,7,13,358,river,81,0,0,0,0
"Colorado Springs, CO",Colorado Springs,CO,40,5,0,14,1,15,0,0,4,179,5,13,236,beach,33,2,9,1,1
"Commerce City, CO",Commerce City,CO,634,12,0,34,0,21,0,1,19,396,7,49,539,river,26,0,0,0,0
"Denver, CO",Denver,CO,19,19,0,49,0,28,0,1,20,479,9,65,670,river,5,10,29,3,4
"Fort Collins, CO",Fort Collins,CO,156,1,0,5,0,10,0,0,0,79,2,6,103,lake,12,0,2,0,1
"Grand Junction, CO",Grand Junction,CO,596,2,0,4,0,3,0,0,2,71,4,9,95,beach,51,1,1,0,0
"Greeley, CO",Greeley,CO,286,0,0,1,0,4,0,0,0,70,4,5,84,lake,9,1,1,0,1
"Lakewood, CO",Lakewood,CO,167,12,0,25,0,27,0,0,15,349,6,50,484,beach,51,0,0,0,0
"Littleton, CO",Littleton,CO,915,3,0,2,0,4,0,0,1,331,5,13,359,lake,48,0,0,0,0
"Longmont, CO",Longmont,CO,335,0,0,3,0,3,0,0,0,90,0,4,100,lake,19,0,0,0,0
"Loveland, CO",Loveland,CO,482,0,0,3,0,1,0,0,0,62,2,3,71,,0,1,0,0,1
"Parker, CO",Parker,CO,700,2,0,0,2,1,0,0,0,242,16,4,267,river,34,0,0,0,0
"Pueblo, CO",Pueblo,CO,273,2,0,4,0,10,0,0,1,74,3,5,99,lake,33,1,2,0,1
"Thornton, CO",Thornton,CO,191,2,0,3,0,0,0,0,3,363,5,9,385,river,72,0,0,0,0
"Westminster, CO",Westminster,CO,250,6,0,33,0,6,0,1,7,358,4,21,436,river,24,0,0,0,0
"Bridgeport, CT",Bridgeport,CT,183,5,0,1,0,12,0,0,1,137,10,9,175,beach,31,0,1,0,1
"Bristol, CT",Bristol,CT,658,0,0,0,0,8,0,0,0,29,0,3,40,river,79,0,0,0,0
"Danbury, CT",Danbury,CT,408,2,0,1,0,4,0,0,0,46,0,3,56,river,102,0,0,0,1
"East Hartford, CT",East Hartford,CT,816,3,0,1,0,21,0,0,3,167,10,17,222,lake,37,0,0,0,0
"Fairfield, CT",Fairfield,CT,643,6,0,2,0,6,0,0,1,121,10,10,156,beach,91,0,0,0,2
"Greenwich, CT",Greenwich,CT,618,1,0,2,0,9,0,0,0,107,11,2,132,beach,60,0,0,0,0
"Hamden, CT",Hamden,CT,648,1,0,2,0,10,0,1,6,138,19,14,191,river,94,0,0,0,1
"Hartford, CT",Hartford,CT,235,3,0,0,0,17,0,0,3,167,11,15,216,river,26,2,4,0,1
"Manchester, CT",Manchester,CT,676,1,0,0,0,6,0,0,0,83,2,2,94,river,75,0,0,0,0
"Meriden, CT",Meriden,CT,657,2,0,1,0,7,0,0,0,63,0,5,78,lake,65,0,0,0,0
"Middletown, CT",Middletown,CT,874,3,0,3,0,8,0,0,1,50,3,7,75,beach,100,0,0,0,0
"Milford, CT",Milford,CT,824,0,0,2,0,8,0,0,0,87,1,2,100,beach,56,0,0,0,0
"New Britain, CT",New Britain,CT,501,1,0,3,0,10,0,0,0,89,6,7,116,lake,43,0,0,0,0
"New Haven, CT",New Haven,CT,213,1,0,2,0,12,0,1,6,174,20,15,231,coastline,20,2,3,1,1
"Norwalk, CT",Norwalk,CT,377,5,0,2,0,14,0,0,0,100,0,5,126,coastline,37,1,1,0,0
"Southington, CT",Southington,CT,973,1,0,1,0,11,0,0,0,48,1,5,67,river,40,0,0,0,0
"Stamford, CT",Stamford,CT,207,3,0,1,0,10,0,0,0,93,1,2,110,beach,29,1,1,0,0
"Stratford, CT",Stratford,CT,796,3,0,2,0,11,0,0,1,125,8,6,156,coastline,64,0,0,0,0
"Wallingford, CT",Wallingford,CT,946,2,0,1,0,5,0,0,0,58,0,3,69,river,55,1,2,0,0
"Waterbury, CT",Waterbury,CT,261,0,0,0,0,4,0,0,0,72,1,4,81,lake,35,0,0,0,0
"West Hartford, CT",West Hartford,CT,613,4,0,2,0,20,0,0,3,158,5,18,210,river,55,0,0,0,0
"West Haven, CT",West Haven,CT,737,1,0,2,0,12,0,1,6,167,20,15,224,beach,54,0,0,0,0
"Washington, DC",Washington,DC,20,38,0,31,3,83,0,2,32,1098,14,66,1367,marina,61,18,17,2,4
"Wilmington, DE",Wilmington,DE,531,1,0,6,0,21,0,0,0,180,18,6,232,river,27,1,2,0,1
"Altamonte Springs, FL",Altamonte Springs,FL,904,2,0,0,0,5,0,0,0,94,5,1,107,lake,31,0,0,0,0
"Apopka, FL",Apopka,FL,747,0,0,0,0,1,0,0,1,36,0,1,39,lake,1,0,0,0,0
"Boca Raton, FL",Boca Raton,FL,341,0,0,0,0,8,0,0,0,68,7,5,88,beach,12,2,1,0,2
"Bonita Springs, FL",Bonita Springs,FL,773,0,0,0,0,1,0,0,0,65,0,0,66,river,6,0,0,0,0
"Boynton Beach, FL",Boynton Beach,FL,449,4,0,0,0,6,0,0,1,67,0,4,82,beach,16,0,0,0,0
"Bradenton, FL",Bradenton,FL,733,0,0,3,0,4,0,0,0,57,4,3,71,coastline,33,0,1,0,1
"Cape Coral, FL",Cape Coral,FL,130,5,0,3,0,4,0,0,1,74,0,6,93,beach,17,0,0,0,0
"Clearwater, FL",Clearwater,FL,246,1,0,0,0,2,0,0,1,165,6,7,182,beach,33,1,4,0,2
"Clermont, FL",Clermont,FL,985,0,0,0,0,1,0,0,0,41,1,0,43,lake,6,0,0,0,0
"Coconut Creek, FL",Coconut Creek,FL,711,2,0,0,0,4,0,0,1,165,8,6,186,river,2,0,1,0,0
"Coral Gables, FL",Coral Gables,FL,847,8,0,7,0,18,0,0,10,188,11,23,265,coastline,6,0,1,0,0
"Coral Springs, FL",Coral Springs,FL,211,2,0,0,0,1,0,0,1,116,1,1,122,lake,1,1,0,0,0
"Cutler Bay, FL",Cutler Bay,FL,919,2,0,0,0,2,0,0,0,75,0,3,82,lake,2,0,0,0,0
"Davie, FL",Davie,FL,300,3,0,1,0,14,0,0,1,261,3,4,287,lake,3,0,0,0,0
"Daytona Beach, FL",Daytona Beach,FL,515,1,0,4,0,12,0,0,6,89,6,11,129,beach,16,2,1,1,3
"Deerfield Beach, FL",Deerfield Beach,FL,406,0,0,0,0,8,0,0,0,86,7,6,107,beach,19,0,0,0,0
"Delray Beach, FL",Delray Beach,FL,583,2,0,0,0,8,0,0,1,62,3,2,78,beach,12,0,0,0,1
"Deltona, FL",Deltona,FL,361,0,0,0,0,4,0,0,0,91,0,5,100,lake,28,0,0,0,0
"Doral, FL",Doral,FL,488,1,0,1,0,2,0,0,2,108,8,4,126,lake,24,0,1,0,1
"Fort Lauderdale, FL",Fort Lauderdale,FL,141,3,0,5,1,13,0,0,8,178,8,6,222,coastline,25,0,2,0,1
"Fort Myers, FL",Fort Myers,FL,410,4,0,0,0,7,0,0,2,97,1,8,119,beach,27,1,1,0,4
"Fort Pierce, FL",Fort Pierce,FL,884,1,0,0,0,6,0,0,0,40,0,1,48,beach,16,0,1,1,0
"Gainesville, FL",Gainesville,FL,194,1,0,4,0,8,0,0,3,85,11,7,119,lake,136,2,0,0,2
"Greenacres, FL",Greenacres,FL,955,4,0,0,0,25,0,0,0,87,19,4,139,,0,0,0,0,0
"Hialeah, FL",Hialeah,FL,101,8,0,15,0,11,0,0,13,209,4,11,271,river,4,0,0,0,0
"Hollywood, FL",Hollywood,FL,172,1,0,1,0,3,0,0,2,160,1,4,172,coastline,4,1,1,0,1
"Homestead, FL",Homestead,FL,446,1,0,0,0,3,0,0,0,42,1,1,48,,0,0,0,0,0
"Jacksonville, FL",Jacksonville,FL,12,2,0,4,0,11,0,0,6,230,10,14,277,coastline,46,7,14,1,2
"Jupiter, FL",Jupiter,FL,652,0,0,0,0,3,0,0,0,64,1,6,74,beach,20,0,1,0,1
"Kissimmee, FL",Kissimmee,FL,459,1,0,0,0,5,0,0,0,54,3,2,65,lake,10,0,0,0,3
"Lake Worth Beach, FL",Lake Worth Beach,FL,1000,7,0,0,0,3,0,0,0,94,0,3,107,beach,21,0,0,0,0
"Lakeland, FL",Lakeland,FL,270,0,0,0,0,3,0,0,0,33,4,5,45,lake,3,0,2,0,2
"Largo, FL",Largo,FL,436,1,0,0,0,3,0,0,0,134,4,5,147,lake,13,0,0,0,0
"Lauderhill, FL",Lauderhill,FL,498,4,0,5,0,16,0,0,8,235,10,6,284,river,1,0,0,0,0
"Margate, FL",Margate,FL,693,2,0,0,0,3,0,0,1,157,8,5,176,river,1,0,0,0,0
"Melbourne, FL",Melbourne,FL,420,0,0,1,1,4,0,0,0,100,0,3,109,marina,24,0,3,0,0
"Miami, FL",Miami,FL,44,12,1,19,0,26,0,0,21,212,10,24,325,coastline,31,7,9,1,5
"Miami Beach, FL",Miami Beach,FL,432,10,1,19,0,22,0,0,19,147,9,24,251,beach,30,2,4,0,0
"Miami Gardens, FL",Miami Gardens,FL,275,3,0,2,0,3,0,0,2,159,9,5,183,,0,0,0,1,2
"Miramar, FL",Miramar,FL,210,2,0,1,0,6,0,0,1,205,9,2,226,lake,2,0,0,0,0
"North Lauderdale, FL",North Lauderdale,FL,931,3,0,0,0,4,0,0,1,170,8,4,190,river,1,0,0,0,0
"North Miami, FL",North Miami,FL,668,5,0,14,0,5,0,0,3,203,7,8,245,coastline,5,0,0,0,0
"North Miami Beach, FL",North Miami Beach,FL,967,2,0,4,0,3,0,0,3,191,6,7,216,coastline,16,0,0,0,0
"North Port, FL",North Port,FL,495,0,0,0,0,0,0,0,0,14,3,1,18,lake,24,2,0,0,0
"Oakland Park, FL",Oakland Park,FL,952,3,0,5,1,9,0,0,8,156,9,7,198,coastline,12,0,0,0,0
"Ocala, FL",Ocala,FL,617,0,0,0,0,5,0,0,0,63,5,1,74,lake,4,2,0,0,0
"Ocoee, FL",Ocoee,FL,885,0,0,0,0,3,0,0,1,96,0,3,103,lake,4,0,0,0,0
"Orlando, FL",Orlando,FL,67,6,0,3,0,11,0,0,5,213,12,13,263,lake,42,8,19,3,5
"Ormond Beach, FL",Ormond Beach,FL,983,1,0,3,0,8,0,0,5,67,2,10,96,beach,17,0,2,0,0
"Palm Bay, FL",Palm Bay,FL,239,0,0,0,1,0,0,0,0,67,0,2,70,river,14,0,0,0,0
"Palm Beach Gardens, FL",Palm Beach Gardens,FL,686,0,0,0,0,1,0,0,0,60,3,1,65,,0,0,0,0,1
"Palm Coast, FL",Palm Coast,FL,390,1,0,1,0,1,0,0,0,34,0,5,42,river,13,0,0,0,0
"Pembroke Pines, FL",Pembroke Pines,FL,155,2,0,1,0,6,0,0,1,197,7,1,215,lake,2,1,1,0,0
"Pensacola, FL",Pensacola,FL,759,1,0,2,1,9,0,0,0,104,3,5,125,beach,33,2,7,0,1
"Pinellas Park, FL",Pinellas Park,FL,782,5,0,6,0,9,0,0,2,141,3,9,175,lake,19,0,1,0,0
"Plantation, FL",Plantation,FL,371,3,0,5,0,17,0,0,5,242,4,6,282,,0,0,0,0,0
"Pompano Beach, FL",Pompano Beach,FL,271,0,0,1,0,3,0,0,5,131,8,6,154,river,7,2,2,0,0
"Port Orange, FL",Port Orange,FL,632,1,0,5,0,19,0,0,3,75,6,10,119,lake,22,0,0,0,0
"Port St Lucie, FL",Port St Lucie,FL,114,0,0,0,0,0,0,0,0,61,1,0,62,,0,0,0,0,0
"Sanford, FL",Sanford,FL,651,5,0,0,0,5,0,0,1,112,0,1,124,marina,17,0,4,0,0
"Sarasota, FL",Sarasota,FL,748,0,0,6,0,14,0,0,0,83,5,7,115,beach,27,3,5,1,1
"St Cloud, FL",St Cloud,FL,690,0,0,0,0,0,0,0,0,38,4,0,42,beach,2,0,0,0,0
"St Petersburg, FL",St Petersburg,FL,85,5,0,7,0,15,0,0,2,152,4,11,196,beach,45,1,4,0,1
"Sunrise, FL",Sunrise,FL,342,1,0,0,0,5,0,0,0,154,1,5,166,lake,3,1,2,0,1
"Tallahassee, FL",Tallahassee,FL,127,1,0,8,0,12,0,0,1,111,9,20,162,lake,41,1,3,0,3
"Tamarac, FL",Tamarac,FL,522,3,0,0,0,5,0,0,1,157,9,3,178,river,1,0,0,0,0
"Tampa, FL",Tampa,FL,52,4,0,3,0,14,0,0,2,171,7,14,215,coastline,25,11,12,1,6
"Titusville, FL",Titusville,FL,856,0,0,1,0,5,0,0,2,32,1,4,45,marina,6,0,0,0,0
"Wellington, FL",Wellington,FL,641,2,0,0,0,24,0,0,0,70,28,6,130,,0,0,0,0,0
"West Palm Beach, FL",West Palm Beach,FL,244,5,0,1,0,4,0,0,1,100,3,3,117,beach,11,2,2,0,1
"Weston, FL",Weston,FL,567,0,0,0,0,2,0,0,0,112,1,5,120,beach,2,0,0,0,0
"Winter Garden, FL",Winter Garden,FL,891,0,0,0,0,3,0,0,1,122,0,3,129,lake,8,0,0,0,0
"Winter Haven, FL",Winter Haven,FL,848,1,0,0,0,1,0,0,0,28,1,3,34,lake,16,0,0,0,0
"Albany, GA",Albany,GA,551,0,0,0,0,1,0,0,0,47,2,2,52,lake,4,1,1,0,1
"Alpharetta, GA",Alpharetta,GA,594,2,0,2,0,7,0,0,0,84,5,3,103,lake,82,0,0,0,0
"Athens, GA",Athens,GA,218,0,0,2,0,6,0,1,6,51,9,5,80,river,143,2,6,2,1
"Atlanta, GA",Atlanta,GA,38,15,0,8,0,39,0,1,13,373,16,34,499,,0,11,25,1,9
"Augusta, GA",Augusta,GA,116,3,0,0,0,4,0,0,1,71,6,6,91,marina,31,2,1,0,1
"Brookhaven, GA",Brookhaven,GA,743,3,0,3,0,16,0,0,6,229,11,13,281,river,87,0,0,0,0
"Columbus, GA",Columbus,GA,112,1,0,0,0,7,0,0,0,59,10,2,79,river,18,0,1,0,1
"Dunwoody, GA",Dunwoody,GA,805,2,0,0,0,7,0,0,0,113,5,2,129,lake,51,0,0,0,0
"Gainesville, GA",Gainesville,GA,997,3,0,1,0,0,0,0,0,57,1,4,66,river,49,0,0,0,0
"Johns Creek, GA",Johns Creek,GA,437,4,0,0,0,5,0,0,1,61,6,4,81,river,87,0,0,0,0
"Macon, GA",Macon,GA,164,2,0,0,0,9,0,0,0,87,3,4,105,river,43,3,1,0,2
"Marietta, GA",Marietta,GA,656,4,0,5,0,9,0,0,3,79,4,9,113,lake,75,0,0,0,0
"Newnan, GA",Newnan,GA,994,0,0,0,0,2,0,0,0,24,0,1,27,river,85,0,0,0,0
"Peachtree Corners, GA",Peachtree Corners,GA,999,2,0,0,0,5,0,0,1,67,6,4,85,river,71,0,0,0,0
"Roswell, GA",Roswell,GA,366,4,0,2,0,7,0,0,0,83,5,3,104,river,5,0,0,0,0
"Sandy Springs, GA",Sandy Springs,GA,290,0,0,0,0,2,0,0,1,116,5,3,127,beach,86,0,0,0,0
"Savannah, GA",Savannah,GA,185,2,0,3,0,24,0,0,1,137,7,6,180,river,14,1,4,0,1
"Smyrna, GA",Smyrna,GA,735,1,0,5,0,7,0,0,2,121,6,11,153,river,57,0,0,0,0
"South Fulton, GA",South Fulton,GA,293,0,0,0,0,0,0,0,0,23,0,6,29,river,27,0,0,0,0
"Stonecrest, GA",Stonecrest,GA,685,0,0,0,0,0,0,0,0,33,0,1,34,river,33,0,0,0,0
"Valdosta, GA",Valdosta,GA,741,7,0,0,0,1,0,0,2,27,4,2,43,river,28,0,0,0,0
"Warner Robins, GA",Warner Robins,GA,450,0,0,1,0,9,0,0,0,32,3,0,45,lake,40,0,0,0,0
"East Honolulu, HI",East Honolulu,HI,820,0,0,1,0,1,0,0,0,54,0,1,57,beach,35,0,0,0,0
"Hilo, HI",Hilo,HI,954,2,0,2,0,7,0,0,0,44,4,1,60,river,6,0,0,0,0
"Honolulu, HI",Honolulu,HI,55,3,0,3,0,17,0,0,9,158,4,15,209,beach,34,4,4,0,1
"Pearl City, HI",Pearl City,HI,924,0,0,0,0,5,0,0,0,115,5,1,126,coastline,35,0,0,0,0
"Waipahu, HI",Waipahu,HI,975,0,0,0,0,5,0,0,0,133,7,1,146,coastline,25,0,0,0,0
"Ames, IA",Ames,IA,586,1,0,1,0,3,0,0,1,59,9,6,80,lake,50,2,1,0,1
"Ankeny, IA",Ankeny,IA,569,1,0,0,0,6,0,0,0,80,12,2,101,river,107,0,0,0,0
"Cedar Rapids, IA",Cedar Rapids,IA,201,3,0,4,0,10,0,0,0,116,8,9,150,lake,29,1,3,0,2
"Council Bluffs, IA",Council Bluffs,IA,627,3,0,4,0,12,0,0,3,103,7,8,140,river,33,1,1,0,1
"Davenport, IA",Davenport,IA,316,2,0,1,0,11,0,0,1,172,7,7,201,lake,7,1,5,0,1
"Des Moines, IA",Des Moines,IA,106,3,0,6,0,11,0,2,2,153,10,24,211,beach,18,4,4,1,2
"Dubuque, IA",Dubuque,IA,677,0,0,1,0,6,0,0,0,82,1,4,94,beach,26,1,2,0,2
"Iowa City, IA",Iowa City,IA,494,0,0,0,0,5,0,0,0,77,5,7,94,river,77,1,1,1,1
"Sioux City, IA",Sioux City,IA,414,1,0,0,0,9,0,0,1,70,3,6,90,beach,26,1,3,0,1
"Urbandale, IA",Urbandale,IA,916,4,0,5,0,5,0,2,0,191,11,13,231,lake,109,0,0,0,0
"Waterloo, IA",Waterloo,IA,574,0,0,1,0,7,0,0,3,113,1,4,129,river,6,0,0,0,1
"West Des Moines, IA",West Des Moines,IA,560,4,0,5,0,3,0,1,0,137,5,11,166,beach,121,1,1,0,1
"Boise, ID",Boise,ID,95,4,0,7,0,11,0,1,1,139,3,7,173,beach,38,5,6,0,3
"Caldwell, ID",Caldwell,ID,672,0,0,1,0,3,0,0,1,70,3,2,80,river,31,0,0,0,0
"Coeur dAlene, ID",Coeur dAlene,ID,752,0,0,1,0,0,0,0,0,13,0,0,14,river,1,0,0,0,0
"Idaho Falls, ID",Idaho Falls,ID,604,4,0,1,0,3,0,0,0,83,3,2,96,river,32,1,1,0,1
"Meridian, ID",Meridian,ID,243,1,0,0,0,2,0,0,0,342,3,1,349,river,58,0,0,0,0
"Nampa, ID",Nampa,ID,325,1,0,0,0,3,0,0,0,120,4,4,132,river,42,1,2,1,0
"Pocatello, ID",Pocatello,ID,727,0,0,0,0,5,0,0,0,100,1,3,109,river,11,0,0,0,0
"Twin Falls, ID",Twin Falls,ID,803,0,0,0,0,2,0,0,0,40,0,2,44,river,43,0,0,0,0
"Arlington Heights, IL",Arlington Heights,IL,474,0,0,0,0,10,0,1,0,344,0,9,364,river,2,1,0,1,0
"Aurora, IL",Aurora,IL,144,1,0,0,0,7,0,0,0,289,2,9,308,river,9,2,1,0,0
"Belleville, IL",Belleville,IL,996,0,0,0,0,3,0,0,0,44,0,1,48,lake,25,0,0,0,0
"Berwyn, IL",Berwyn,IL,718,10,0,8,0,18,0,0,4,415,16,10,481,river,4,0,3,0,1
"Bloomington, IL",Bloomington,IL,466,4,0,3,0,5,0,2,2,102,9,13,140,beach,23,2,2,0,1
"Bolingbrook, IL",Bolingbrook,IL,503,0,0,1,0,8,0,0,0,277,11,2,299,river,73,1,0,0,0
"Buffalo Grove, IL",Buffalo Grove,IL,982,0,0,0,0,6,0,1,0,282,0,9,298,river,72,0,0,0,0
"Champaign, IL",Champaign,IL,396,5,0,2,0,6,0,0,2,120,9,9,153,river,47,1,2,0,3
"Chicago, IL",Chicago,IL,3,30,0,39,1,50,0,0,17,495,17,73,722,beach,28,21,51,5,12
"Cicero, IL",Cicero,IL,417,18,0,21,1,28,0,0,7,476,17,19,587,,0,0,0,0,0
"Decatur, IL",Decatur,IL,539,3,0,0,0,7,0,0,0,73,0,3,86,lake,5,0,0,0,0
"Des Plaines, IL",Des Plaines,IL,661,0,0,0,0,15,0,1,2,306,8,7,339,lake,58,0,1,0,0
"Downers Grove, IL",Downers Grove,IL,826,1,0,1,0,17,0,0,0,316,5,3,343,river,60,0,0,0,0
"Elgin, IL",Elgin,IL,258,2,0,0,0,9,0,0,1,205,5,2,224,river,30,0,0,0,0
"Elmhurst, IL",Elmhurst,IL,911,4,0,1,0,13,0,0,2,264,6,4,294,river,10,0,0,0,0
"Evanston, IL",Evanston,IL,471,6,0,7,0,20,0,0,1,371,7,26,438,beach,11,0,2,0,1
"Glenview, IL",Glenview,IL,858,1,0,1,0,27,0,0,0,386,9,15,439,lake,5,0,0,0,0
"Hoffman Estates, IL",Hoffman Estates,IL,795,0,0,0,0,8,0,1,0,405,2,6,422,lake,124,0,0,0,1
"Joliet, IL",Joliet,IL,178,1,0,2,0,6,0,0,0,112,6,5,132,beach,14,2,4,0,0
"Lombard, IL",Lombard,IL,942,2,0,2,0,15,0,0,0,277,3,4,303,lake,26,0,0,0,0
"Moline, IL",Moline,IL,986,2,0,1,0,11,0,0,1,201,8,8,232,marina,65,0,1,0,1
"Mount Prospect, IL",Mount Prospect,IL,723,0,0,0,0,12,0,1,0,311,4,7,335,river,14,0,0,0,0
"Naperville, IL",Naperville,IL,181,0,0,1,0,9,0,0,0,303,9,7,329,beach,38,0,0,0,0
"Normal, IL",Normal,IL,788,4,0,3,0,5,0,2,2,104,9,13,142,river,25,1,0,0,1
"Oak Lawn, IL",Oak Lawn,IL,703,4,0,0,0,7,0,0,0,247,6,0,264,lake,10,0,0,0,0
"Oak Park, IL",Oak Park,IL,754,19,0,18,0,18,0,0,5,458,16,21,555,lake,1,0,1,0,0
"Orland Park, IL",Orland Park,IL,694,1,0,1,0,3,0,0,0,198,0,1,204,lake,34,0,0,0,0
"Palatine, IL",Palatine,IL,568,0,0,0,0,5,0,1,0,327,0,8,341,lake,71,0,1,0,0
"Peoria, IL",Peoria,IL,268,5,0,0,0,5,0,0,1,122,3,9,145,marina,38,1,3,0,2
"Plainfield, IL",Plainfield,IL,932,0,0,0,0,2,0,0,0,177,1,3,183,lake,41,0,0,0,0
"Rockford, IL",Rockford,IL,182,2,0,1,0,9,0,0,1,118,3,4,138,river,18,3,2,0,3
"Schaumburg, IL",Schaumburg,IL,464,0,0,0,0,8,0,1,0,402,2,6,419,beach,114,2,0,0,0
"Skokie, IL",Skokie,IL,570,10,0,11,0,27,0,0,1,479,7,33,568,,0,2,1,0,0
"Springfield, IL",Springfield,IL,262,1,0,2,0,17,0,0,2,77,3,6,108,,0,1,1,0,2
"Tinley Park, IL",Tinley Park,IL,732,1,0,1,0,2,0,0,0,229,2,3,238,river,33,0,0,0,0
"Waukegan, IL",Waukegan,IL,389,1,0,2,0,6,0,0,0,141,0,8,158,beach,50,1,1,0,0
"Wheaton, IL",Wheaton,IL,764,2,0,2,0,11,0,0,0,268,9,1,293,lake,39,0,0,0,0
"Anderson, IN",Anderson,IN,750,0,0,1,0,2,0,0,0,29,1,2,35,lake,26,1,2,0,0
"Bloomington, IN",Bloomington,IN,461,2,0,0,0,7,0,0,1,39,6,3,58,river,52,1,1,0,1
"Carmel, IN",Carmel,IN,330,2,1,3,0,6,0,1,1,178,6,7,205,river,21,0,1,0,0
"Columbus, IN",Columbus,IN,825,0,0,0,0,1,0,0,0,21,0,1,23,river,9,0,0,1,0
"Elkhart, IN",Elkhart,IN,765,0,0,0,0,3,0,0,0,32,0,2,37,river,5,1,1,0,0
"Evansville, IN",Evansville,IN,245,1,0,0,0,6,0,0,1,72,3,9,92,marina,17,3,3,0,1
"Fishers, IN",Fishers,IN,334,1,1,3,0,3,0,0,1,82,3,8,102,lake,32,0,1,0,1
"Fort Wayne, IN",Fort Wayne,IN,83,1,0,2,0,7,0,1,0,97,4,7,119,beach,53,3,5,0,1
"Gary, IN",Gary,IN,556,1,0,1,0,4,0,0,2,107,4,4,123,lake,18,1,1,0,0
"Greenwood, IN",Greenwood,IN,614,1,0,0,0,0,0,0,0,79,0,2,82,river,24,0,0,0,0
"Hammond, IN",Hammond,IN,472,0,0,1,0,5,0,0,0,216,4,5,231,lake,19,1,1,0,0
"Indianapolis, IN",Indianapolis,IN,15,15,0,11,0,20,0,0,12,245,9,22,334,river,19,7,16,1,8
"Jeffersonville, IN",Jeffersonville,IN,843,8,0,4,0,23,0,0,6,164,19,24,248,river,25,0,0,0,0
"Kokomo, IN",Kokomo,IN,679,0,0,0,0,1,0,0,0,30,2,5,38,river,5,0,0,0,0
"Lafayette, IN",Lafayette,IN,533,1,0,3,0,8,0,0,1,74,7,9,103,beach,51,0,0,0,0
"Lawrence, IN",Lawrence,IN,844,1,0,1,0,1,0,0,0,20,1,1,25,river,2,0,0,0,0
"Mishawaka, IN",Mishawaka,IN,815,2,0,1,0,10,0,0,3,109,15,4,144,river,8,0,0,0,0
"Muncie, IN",Muncie,IN,601,2,0,3,0,7,0,0,1,41,6,7,67,river,13,2,1,0,1
"Noblesville, IN",Noblesville,IN,553,0,1,1,0,2,0,0,0,65,1,6,76,river,8,0,1,0,1
"South Bend, IN",South Bend,IN,310,2,0,1,0,11,0,0,3,115,14,3,149,river,9,1,1,0,0
"Terre Haute, IN",Terre Haute,IN,702,0,0,0,0,7,0,0,2,40,9,5,63,lake,6,1,3,0,1
"West Lafayette, IN",West Lafayette,IN,936,1,0,3,0,8,0,0,1,74,7,9,103,beach,39,2,2,0,2
"Westfield, IN",Westfield,IN,902,2,0,4,0,3,0,1,0,121,1,4,136,river,30,0,0,0,0
"Kansas City, KS",Kansas City,KS,166,3,0,15,2,20,0,0,7,258,29,28,362,river,25,0,0,0,0
"Lawrence, KS",Lawrence,KS,353,6,0,1,0,6,0,0,0,61,31,6,111,river,46,1,1,0,3
"Lenexa, KS",Lenexa,KS,716,0,0,5,0,11,0,0,1,183,0,5,205,beach,49,0,0,0,0
"Manhattan, KS",Manhattan,KS,762,0,0,0,0,6,0,0,0,49,15,4,74,river,38,0,0,0,3
"Olathe, KS",Olathe,KS,193,0,0,2,0,3,0,0,1,121,0,5,132,river,78,0,0,0,0
"Overland Park, KS",Overland Park,KS,125,0,0,9,0,13,0,0,0,314,6,5,347,river,25,0,0,0,0
"Salina, KS",Salina,KS,892,0,0,0,0,1,0,0,0,20,0,2,23,lake,27,0,0,0,0
"Shawnee, KS",Shawnee,KS,575,24,0,0,0,9,0,0,9,86,7,8,143,river,55,0,0,0,0
"Topeka, KS",Topeka,KS,220,24,0,0,0,9,0,0,15,119,7,9,183,river,2,1,1,0,1
"Wichita, KS",Wichita,KS,49,2,0,1,0,18,0,0,0,130,10,6,167,river,9,2,3,0,1
"Bowling Green, KY",Bowling Green,KY,520,1,0,0,0,6,0,0,0,29,12,3,51,lake,5,0,1,0,0
"Lexington, KY",Lexington,KY,57,3,0,2,0,7,0,0,0,128,9,9,158,river,17,1,3,1,2
"Louisville, KY",Louisville,KY,29,8,0,4,0,23,0,0,6,165,19,25,250,river,9,10,9,0,5
"Owensboro, KY",Owensboro,KY,669,0,0,0,0,3,0,0,0,42,3,3,51,river,3,1,2,0,1
"Alexandria, LA",Alexandria,LA,926,1,0,0,0,7,0,0,0,21,3,1,33,river,33,1,0,0,1
"Baton Rouge, LA",Baton Rouge,LA,99,3,0,2,0,18,0,0,3,103,22,6,157,lake,9,3,6,0,2
"Bossier City, LA",Bossier City,LA,629,3,0,0,0,12,0,0,7,63,5,4,94,river,16,1,3,0,1
"Kenner, LA",Kenner,LA,585,2,0,1,0,2,0,0,1,40,2,1,49,,0,0,0,0,0
"Lafayette, LA",Lafayette,LA,234,2,0,0,0,4,0,0,0,54,3,6,69,lake,31,0,2,0,3
"Lake Charles, LA",Lake Charles,LA,419,1,0,1,0,4,0,1,0,48,3,1,59,beach,12,2,3,0,2
"Monroe, LA",Monroe,LA,876,0,0,0,0,6,0,0,0,45,6,3,60,coastline,10,1,0,0,2
"New Orleans, LA",New Orleans,LA,53,11,0,14,2,42,0,0,18,188,17,17,309,river,3,9,19,1,6
"Shreveport, LA",Shreveport,LA,137,3,0,0,0,12,0,0,7,68,5,4,99,river,19,2,1,0,2
"Arlington, MA",Arlington,MA,903,28,1,29,2,62,0,3,12,664,13,44,858,beach,64,0,0,0,0
"Attleboro, MA",Attleboro,MA,900,0,0,0,0,3,0,0,0,50,0,5,58,river,44,0,0,0,0
"Barnstable, MA",Barnstable,MA,851,5,0,4,0,10,0,0,0,34,2,2,57,beach,15,0,0,0,0
"Beverly, MA",Beverly,MA,991,1,0,1,0,33,0,0,0,150,1,4,190,beach,78,1,1,0,0
"Boston, MA",Boston,MA,24,29,1,34,2,73,0,3,19,864,15,80,1120,beach,66,13,22,4,8
"Brockton, MA",Brockton,MA,302,0,0,0,0,4,0,0,1,106,3,4,118,lake,85,0,0,0,0
"Brookline, MA",Brookline,MA,624,30,1,36,2,78,0,3,18,866,14,82,1130,lake,41,0,0,0,0
"Cambridge, MA",Cambridge,MA,242,31,1,36,2,81,0,3,19,918,15,80,1186,marina,34,1,8,2,2
"Chicopee, MA",Chicopee,MA,738,2,0,0,0,16,0,0,0,192,3,6,219,river,45,0,0,0,0
"Everett, MA",Everett,MA,850,28,1,35,2,61,0,3,19,773,11,80,1013,beach,39,0,1,0,1
"Fall River, MA",Fall River,MA,359,0,0,2,0,2,0,0,0,62,0,0,66,beach,36,0,1,0,0
"Framingham, MA",Framingham,MA,519,1,0,0,0,5,0,0,0,99,0,1,106,beach,82,0,0,0,0
"Haverhill, MA",Haverhill,MA,571,0,0,0,0,3,0,0,0,69,2,1,75,lake,24,0,0,0,0
"Lawrence, MA",Lawrence,MA,391,0,0,0,0,9,0,0,1,99,4,5,118,river,42,0,0,0,0
"Leominster, MA",Leominster,MA,963,0,0,2,0,2,0,0,0,57,0,2,63,beach,69,0,0,0,0
"Lowell, MA",Lowell,MA,252,3,0,2,0,9,0,0,0,134,3,6,157,river,33,1,1,0,1
"Lynn, MA",Lynn,MA,319,4,0,2,0,31,0,0,0,230,2,4,273,beach,10,1,1,0,0
"Malden, MA",Malden,MA,588,27,1,32,2,59,0,3,19,733,11,80,967,river,18,0,0,0,0
"Medford, MA",Medford,MA,678,27,1,36,2,69,0,3,19,810,13,81,1061,beach,34,2,1,0,0
"Methuen, MA",Methuen,MA,784,0,0,0,0,9,0,0,1,90,3,9,112,river,38,0,0,0,0
"New Bedford, MA",New Bedford,MA,321,1,0,5,0,7,0,0,0,65,0,1,79,beach,33,0,0,0,0
"Newton, MA",Newton,MA,394,17,0,11,2,47,0,3,9,503,10,38,640,beach,93,0,0,0,0
"Peabody, MA",Peabody,MA,757,3,0,2,0,33,0,0,0,183,1,7,229,beach,113,0,0,0,0
"Pittsfield, MA",Pittsfield,MA,959,2,0,2,0,5,0,0,0,41,0,2,52,lake,31,0,0,0,0
"Plymouth, MA",Plymouth,MA,646,2,0,2,0,15,0,0,0,37,0,1,57,river,6,0,2,0,0
"Quincy, MA",Quincy,MA,317,4,0,1,0,19,0,0,0,296,3,4,327,beach,71,0,0,0,0
"Revere, MA",Revere,MA,635,24,1,30,2,51,0,1,18,617,7,70,821,beach,87,0,0,0,0
"Salem, MA",Salem,MA,941,3,0,2,0,33,0,0,0,168,1,6,213,beach,78,0,0,0,0
"Somerville, MA",Somerville,MA,444,31,1,37,2,80,0,3,19,913,15,81,1182,marina,21,2,4,0,0
"Springfield, MA",Springfield,MA,168,2,0,0,0,13,0,0,0,147,3,6,171,river,17,2,1,0,1
"Taunton, MA",Taunton,MA,683,0,0,0,0,1,0,0,0,32,0,0,33,river,68,0,0,0,0
"Waltham, MA",Waltham,MA,599,13,0,8,2,45,0,2,3,368,9,19,469,river,139,0,0,0,1
"Weymouth, MA",Weymouth,MA,715,3,0,2,0,14,0,1,0,260,3,2,285,beach,153,0,0,0,0
"Worcester, MA",Worcester,MA,113,5,1,5,0,6,0,0,2,112,11,17,159,beach,13,1,7,2,2
"Baltimore, MD",Baltimore,MD,30,8,0,13,0,49,0,5,20,465,22,30,612,coastline,64,10,10,0,5
"Bowie, MD",Bowie,MD,704,1,0,1,0,6,0,0,0,76,2,2,88,lake,41,0,0,0,0
"Frederick, MD",Frederick,MD,470,1,0,2,0,4,0,0,0,101,3,4,115,river,25,0,1,1,0
"Gaithersburg, MD",Gaithersburg,MD,550,3,0,0,0,5,0,0,0,235,1,8,252,lake,80,0,0,0,0
"Hagerstown, MD",Hagerstown,MD,971,0,0,0,0,9,0,0,1,47,2,3,62,river,49,1,1,0,0
"Rockville, MD",Rockville,MD,578,5,0,6,0,6,0,0,0,297,2,15,331,lake,104,0,0,0,0
"Portland, ME",Portland,ME,563,5,0,3,0,17,0,0,3,139,6,9,182,beach,27,2,5,0,2
"Ann Arbor, MI",Ann Arbor,MI,231,3,1,3,1,9,0,0,3,188,14,12,234,river,44,3,2,0,3
"Battle Creek, MI",Battle Creek,MI,789,0,0,1,0,5,0,0,1,51,5,3,66,river,23,0,1,0,0
"Bloomfield, MI",Bloomfield,MI,951,4,0,3,0,9,0,0,1,201,11,7,236,river,59,0,0,0,0
"Canton, MI",Canton,MI,336,0,0,0,0,1,0,0,0,5,0,0,6,river,2,0,0,0,0
"Clinton, MI",Clinton,MI,323,0,0,0,0,2,0,0,0,10,0,1,13,river,2,0,0,0,0
"Commerce, MI",Commerce,MI,984,0,0,0,0,2,0,0,0,0,0,0,2,river,4,0,0,0,0
"Dearborn, MI",Dearborn,MI,282,4,0,8,0,15,0,1,8,352,20,11,419,river,2,0,0,0,0
"Dearborn Heights, MI",Dearborn Heights,MI,623,3,0,3,0,5,0,0,2,245,20,4,282,river,77,0,0,0,0
"Detroit, MI",Detroit,MI,27,4,0,14,0,25,0,4,12,467,11,34,571,marina,14,10,21,0,5
"East Lansing, MI",East Lansing,MI,873,2,0,6,0,10,0,0,2,195,9,16,240,lake,14,1,1,0,2
"Farmington Hills, MI",Farmington Hills,MI,425,1,0,2,0,4,0,0,0,159,80,5,251,river,223,0,0,0,0
"Flint, MI",Flint,MI,442,1,0,1,0,3,0,0,0,114,2,9,130,river,27,1,3,1,0
"Georgetown, MI",Georgetown,MI,763,2,0,0,0,4,0,0,0,91,5,8,110,lake,44,0,0,0,0
"Grand Rapids, MI",Grand Rapids,MI,123,10,0,9,0,9,0,0,1,178,3,12,222,river,16,6,11,0,2
"Kalamazoo, MI",Kalamazoo,MI,507,4,0,5,0,5,0,0,1,97,4,15,131,river,30,0,1,0,2
"Kentwood, MI",Kentwood,MI,760,0,0,4,0,2,0,0,1,103,0,2,112,lake,60,0,0,0,0
"Lansing, MI",Lansing,MI,269,2,0,6,0,8,0,0,2,191,9,19,237,beach,17,0,1,0,0
"Livonia, MI",Livonia,MI,348,2,0,0,0,3,0,0,1,217,84,3,310,lake,10,0,0,0,0
"Meridian, MI",Meridian,MI,960,1,0,0,0,3,0,0,0,49,1,4,58,river,20,0,0,0,0
"Midland, MI",Midland,MI,995,1,0,1,0,10,0,0,0,86,3,0,101,river,31,0,0,0,0
"Novi, MI",Novi,MI,589,2,0,0,0,4,0,0,0,168,81,6,261,lake,228,0,0,0,0
"Pontiac, MI",Pontiac,MI,642,2,0,1,0,7,0,0,1,187,2,7,207,lake,34,1,4,0,0
"Portage, MI",Portage,MI,852,3,0,6,0,4,0,0,1,70,4,10,98,beach,13,0,0,0,0
"Redford, MI",Redford,MI,841,3,0,1,0,3,0,0,2,210,58,2,279,river,33,0,0,0,0
"Rochester Hills, MI",Rochester Hills,MI,484,0,0,1,0,5,0,0,0,119,2,7,134,lake,101,0,0,0,0
"Roseville, MI",Roseville,MI,875,0,0,0,0,3,0,0,2,111,0,2,118,,0,0,0,0,0
"Royal Oak, MI",Royal Oak,MI,705,4,0,7,0,8,0,0,5,292,9,6,331,river,1,2,2,0,0
"Saginaw, MI",Saginaw,MI,953,0,0,0,0,5,0,0,0,72,1,3,81,lake,5,2,2,0,1
"Shelby, MI",Shelby,MI,456,0,0,0,0,0,0,0,0,14,0,1,15,river,13,0,0,0,0
"Southfield, MI",Southfield,MI,479,5,0,6,0,6,0,0,5,275,9,6,312,river,27,0,1,0,0
"St Clair Shores, MI",St Clair Shores,MI,691,0,0,0,0,3,0,0,2,80,0,1,86,lake,1,0,0,0,0
"Sterling Heights, MI",Sterling Heights,MI,212,0,0,1,0,7,0,0,0,127,3,3,141,river,22,0,0,0,0
"Taylor, MI",Taylor,MI,619,2,0,2,0,6,0,0,2,205,31,4,252,river,14,0,0,0,0
"Troy, MI",Troy,MI,404,1,0,3,0,7,0,0,0,176,6,9,202,lake,97,0,0,0,0
"Warren, MI",Warren,MI,198,0,0,0,0,4,0,0,2,180,2,2,190,river,1,1,1,0,0
"Waterford, MI",Waterford,MI,537,0,0,0,0,0,0,0,0,87,6,4,97,beach,44,0,0,0,0
"West Bloomfield, MI",West Bloomfield,MI,593,2,0,3,0,9,0,0,1,273,24,6,318,beach,165,0,0,0,0
"Westland, MI",Westland,MI,416,1,0,0,0,4,0,0,1,194,30,4,234,river,37,0,1,0,0
"Wyoming, MI",Wyoming,MI,480,9,0,9,0,9,0,0,1,169,1,10,208,lake,8,0,0,0,0
"Ypsilanti, MI",Ypsilanti,MI,734,2,0,7,0,7,0,1,0,148,6,8,179,lake,28,0,0,0,1
"Apple Valley, MN",Apple Valley,MN,726,1,0,0,0,0,0,0,0,240,1,5,247,beach,14,0,0,0,0
"Blaine, MN",Blaine,MN,543,0,0,0,0,2,0,0,0,251,3,1,257,river,7,0,0,0,0
"Bloomington, MN",Bloomington,MN,385,3,0,5,0,9,0,0,0,242,11,13,283,river,39,0,0,0,0
"Brooklyn Park, MN",Brooklyn Park,MN,409,1,0,2,0,3,0,0,0,346,1,5,358,,0,0,0,0,0
"Burnsville, MN",Burnsville,MN,607,2,0,1,0,3,0,0,0,234,2,4,246,lake,7,1,1,0,0
"Coon Rapids, MN",Coon Rapids,MN,616,1,0,0,0,0,0,0,0,293,2,5,301,river,93,0,0,0,0
"Duluth, MN",Duluth,MN,407,3,0,3,0,16,0,0,2,109,7,14,154,beach,76,1,3,0,2
"Eagan, MN",Eagan,MN,559,1,0,1,0,4,0,0,0,201,3,4,214,lake,37,0,0,0,0
"Eden Prairie, MN",Eden Prairie,MN,610,1,0,2,0,6,0,0,0,184,13,18,224,beach,60,0,0,0,0
"Edina, MN",Edina,MN,776,8,0,13,0,16,0,0,0,351,13,23,424,lake,30,0,0,0,0
"Lakeville, MN",Lakeville,MN,554,1,0,0,0,1,0,0,0,141,1,2,146,beach,90,0,0,0,0
"Mankato, MN",Mankato,MN,940,1,0,1,0,6,0,0,0,53,3,3,67,beach,30,0,0,0,1
"Maple Grove, MN",Maple Grove,MN,542,1,0,0,0,2,0,0,0,200,1,4,208,beach,9,0,0,0,0
"Minneapolis, MN",Minneapolis,MN,46,17,0,36,1,27,0,3,8,567,24,56,739,river,21,12,16,4,6
"Minnetonka, MN",Minnetonka,MN,769,0,0,2,0,8,0,0,0,258,11,5,284,beach,21,0,0,0,0
"Moorhead, MN",Moorhead,MN,939,3,1,0,0,8,0,0,0,143,4,8,167,river,8,0,0,0,0
"Plymouth, MN",Plymouth,MN,445,0,0,0,0,2,0,0,0,235,1,3,241,river,82,0,0,0,0
"Rochester, MN",Rochester,MN,233,0,0,2,0,8,0,0,0,175,9,2,196,lake,45,1,1,0,1
"Shakopee, MN",Shakopee,MN,966,1,0,1,0,3,0,0,0,148,3,14,170,marina,53,0,0,0,0
"St Cloud, MN",St Cloud,MN,557,0,0,0,0,3,0,0,1,109,2,6,121,beach,8,0,0,0,1
"St Louis Park, MN",St Louis Park,MN,830,13,0,26,1,20,0,3,6,483,19,51,622,lake,36,0,0,0,0
"St Paul, MN",St Paul,MN,63,8,1,11,0,15,0,0,1,404,13,27,480,marina,14,0,1,0,1
"Woodbury, MN",Woodbury,MN,493,0,0,1,0,1,0,0,0,258,1,0,261,lake,77,0,0,0,0
"Blue Springs, MO",Blue Springs,MO,698,0,0,0,0,1,0,0,0,74,1,0,76,lake,47,0,0,0,0
"Chesterfield, MO",Chesterfield,MO,833,2,0,1,0,4,0,0,0,47,6,5,65,lake,36,0,0,0,0
"Columbia, MO",Columbia,MO,222,3,0,4,0,3,0,0,3,86,7,17,123,beach,72,3,3,0,1
"Florissant, MO",Florissant,MO,794,0,0,0,0,1,0,0,0,76,0,2,79,river,27,0,0,0,0
"Independence, MO",Independence,MO,232,3,0,3,0,11,0,0,2,96,11,4,130,river,19,1,0,0,1
"Jefferson City, MO",Jefferson City,MO,981,1,0,1,0,4,0,0,0,35,0,3,44,river,51,0,0,0,0
"Joplin, MO",Joplin,MO,804,1,0,2,0,3,0,0,0,33,2,2,43,river,23,0,0,0,0
"Kansas City, MO",Kansas City,MO,36,3,0,15,1,22,0,0,9,338,35,31,454,river,5,6,14,1,6
"Lees Summit, MO",Lees Summit,MO,320,0,0,0,0,1,0,0,0,4,0,0,5,lake,12,0,0,0,0
"OFallon, MO",OFallon,MO,376,0,0,0,0,0,0,0,1,55,1,1,58,lake,116,0,0,0,0
"Springfield, MO",Springfield,MO,158,1,0,6,0,7,0,0,5,77,18,5,119,beach,30,3,4,0,1
"St Charles, MO",St Charles,MO,540,0,0,0,0,0,0,0,1,59,1,1,62,river,122,0,0,0,0
"St Joseph, MO",St Joseph,MO,518,0,0,0,0,8,0,0,0,44,3,4,59,river,16,0,0,0,0
"St Louis, MO",St Louis,MO,69,6,0,6,0,35,0,0,19,196,12,22,296,lake,13,0,5,0,0
"St Peters, MO",St Peters,MO,713,0,0,1,0,2,0,0,1,71,3,2,80,river,66,0,0,0,0
"Wentzville, MO",Wentzville,MO,948,1,0,0,0,0,0,0,0,17,0,3,21,river,36,0,0,0,0
"Biloxi, MS",Biloxi,MS,842,4,0,2,0,7,0,0,1,52,3,1,70,beach,50,2,4,0,2
"Gulfport, MS",Gulfport,MS,512,0,0,0,0,2,0,0,1,14,5,0,22,beach,36,1,1,0,0
"Hattiesburg, MS",Hattiesburg,MS,857,0,0,1,0,5,0,1,2,34,4,1,48,lake,68,1,3,0,3
"Jackson, MS",Jackson,MS,170,0,0,1,0,14,0,0,0,39,10,2,66,beach,15,1,2,0,2
"Southaven, MS",Southaven,MS,751,0,0,0,0,3,0,0,0,62,1,1,67,lake,17,0,0,0,1
"Billings, MT",Billings,MT,247,0,0,7,0,5,0,0,0,129,2,4,147,river,21,2,0,0,0
"Bozeman, MT",Bozeman,MT,777,2,0,0,0,5,0,1,0,212,3,3,226,river,100,1,2,0,1
"Great Falls, MT",Great Falls,MT,664,0,0,2,0,9,0,0,0,79,2,3,95,river,6,0,0,0,0
"Missoula, MT",Missoula,MT,508,2,0,6,0,8,0,0,0,132,7,5,160,beach,13,2,2,0,1
"Apex, NC",Apex,NC,692,1,0,0,0,0,0,0,0,132,4,7,144,river,173,0,0,0,0
"Asheville, NC",Asheville,NC,356,0,0,39,0,5,0,0,1,71,4,7,127,river,186,3,4,0,1
"Burlington, NC",Burlington,NC,717,1,0,0,0,4,0,0,0,34,5,2,46,river,142,0,0,0,0
"Cary, NC",Cary,NC,150,4,0,1,0,4,0,0,0,174,16,9,208,river,156,1,0,0,1
"Chapel Hill, NC",Chapel Hill,NC,638,1,0,2,1,4,0,1,0,60,12,10,91,river,329,1,0,1,2
"Charlotte, NC",Charlotte,NC,16,0,0,14,2,14,0,2,11,148,21,19,231,river,171,10,18,1,4
"Concord, NC",Concord,NC,303,1,0,2,0,0,0,0,0,22,5,3,33,river,152,0,0,0,1
"Durham, NC",Durham,NC,75,4,0,0,0,6,0,1,1,103,18,10,143,river,173,3,3,0,2
"Fayetteville, NC",Fayetteville,NC,110,0,0,0,0,9,0,0,1,66,7,2,85,river,79,1,1,0,1
"Gastonia, NC",Gastonia,NC,448,0,0,1,0,3,0,0,0,35,7,2,48,river,138,0,0,0,0
"Greensboro, NC",Greensboro,NC,70,1,0,1,0,6,0,0,11,105,10,10,144,river,106,4,5,1,3
"Greenville, NC",Greenville,NC,400,0,0,0,0,3,0,0,3,25,8,3,42,lake,65,0,0,0,0
"Hickory, NC",Hickory,NC,974,2,0,1,0,6,0,0,0,30,4,1,44,river,58,0,1,0,0
"High Point, NC",High Point,NC,266,2,0,0,0,2,0,0,0,42,8,2,56,river,205,0,0,0,2
"Huntersville, NC",Huntersville,NC,644,2,0,2,0,3,0,0,0,90,1,12,110,river,123,0,0,0,0
"Jacksonville, NC",Jacksonville,NC,514,0,0,0,0,1,0,0,0,34,1,2,38,coastline,112,0,0,0,0
"Kannapolis, NC",Kannapolis,NC,780,0,0,0,0,2,0,0,0,19,7,1,29,river,160,0,0,0,0
"Mooresville, NC",Mooresville,NC,827,0,0,1,0,4,0,0,0,28,3,3,39,river,96,0,0,0,0
"Raleigh, NC",Raleigh,NC,41,7,0,4,0,13,0,1,12,257,7,19,320,lake,127,3,6,0,4
"Rocky Mount, NC",Rocky Mount,NC,758,0,0,0,0,0,0,0,0,27,1,0,28,lake,82,0,0,0,0
"Wake Forest, NC",Wake Forest,NC,878,1,0,1,0,3,0,0,0,58,1,3,67,river,129,0,0,0,0
"Wilmington, NC",Wilmington,NC,253,1,0,2,0,6,0,0,0,51,15,1,76,river,52,2,1,1,0
"Wilson, NC",Wilson,NC,871,1,0,0,0,2,0,0,1,25,3,3,35,river,35,0,0,0,0
"Winston Salem, NC",Winston Salem,NC,89,1,0,0,0,10,0,0,1,65,15,1,93,river,106,0,2,0,3
"Bismarck, ND",Bismarck,ND,505,2,0,1,0,4,0,0,0,63,0,3,73,river,59,1,1,0,1
"Fargo, ND",Fargo,ND,224,3,1,0,0,8,0,0,0,175,6,8,201,river,26,0,4,0,3
"Grand Forks, ND",Grand Forks,ND,688,1,0,0,0,5,0,0,0,61,4,3,74,river,6,2,3,0,3
"Minot, ND",Minot,ND,865,0,0,0,0,3,0,0,1,22,2,2,30,river,25,0,0,0,1
"Bellevue, NE",Bellevue,NE,611,0,0,0,0,4,0,0,0,78,0,6,88,beach,49,0,0,0,0
"Grand Island, NE",Grand Island,NE,779,1,0,1,0,1,0,0,0,37,0,1,41,lake,1,0,1,0,1
"Lincoln, NE",Lincoln,NE,73,1,0,3,0,13,0,0,3,401,11,8,440,lake,29,2,5,1,4
"Omaha, NE",Omaha,NE,39,4,0,5,0,17,0,0,4,183,6,12,231,beach,17,5,8,0,3
"Concord, NH",Concord,NH,956,0,0,3,0,4,0,0,0,35,0,2,44,river,63,1,2,0,0
"Manchester, NH",Manchester,NH,251,2,0,4,0,4,0,0,9,74,4,1,98,river,60,1,2,0,1
"Nashua, NH",Nashua,NH,375,4,0,0,0,3,0,0,1,64,2,4,78,river,33,0,0,0,0
"Bayonne, NJ",Bayonne,NJ,525,22,0,19,4,43,0,0,8,339,6,26,467,beach,36,0,0,0,0
"Berkeley, NJ",Berkeley,NJ,964,4,0,0,0,15,0,0,0,125,1,3,148,river,40,0,0,0,0
"Bloomfield, NJ",Bloomfield,NJ,781,8,0,5,0,11,0,0,3,302,15,19,363,river,33,0,0,0,0
"Brick, NJ",Brick,NJ,506,3,0,1,0,6,0,0,1,41,2,3,57,beach,56,0,0,0,0
"Bridgewater, NJ",Bridgewater,NJ,907,2,0,2,0,3,0,0,0,124,4,2,137,river,40,0,0,0,0
"Camden, NJ",Camden,NJ,524,12,0,15,0,83,0,5,14,505,14,60,708,marina,29,0,0,0,0
"Cherry Hill, NJ",Cherry Hill,NJ,497,4,0,9,0,23,0,3,4,280,3,15,341,river,118,0,0,0,0
"Clifton, NJ",Clifton,NJ,384,6,0,4,0,14,0,0,5,327,19,14,389,river,36,1,2,0,0
"East Brunswick, NJ",East Brunswick,NJ,838,3,0,0,0,6,0,0,2,119,2,11,143,river,43,0,0,0,0
"East Orange, NJ",East Orange,NJ,552,6,0,4,0,10,0,0,2,262,9,16,309,river,15,0,0,0,0
"Edison, NJ",Edison,NJ,292,4,0,1,0,6,0,0,2,163,3,14,193,lake,63,0,0,0,0
"Egg Harbor, NJ",Egg Harbor,NJ,872,0,0,0,0,2,0,0,0,24,0,2,28,river,4,0,0,0,0
"Elizabeth, NJ",Elizabeth,NJ,203,6,0,7,0,18,0,0,4,278,6,16,335,marina,9,0,2,0,0
"Evesham, NJ",Evesham,NJ,894,3,0,1,0,0,0,0,0,57,0,0,61,river,227,0,0,0,0
"Franklin, NJ",Franklin,NJ,564,0,0,0,0,4,0,0,0,8,0,0,12,beach,7,0,0,0,0
"Gloucester, NJ",Gloucester,NJ,592,1,0,0,0,2,0,0,0,41,2,6,52,river,107,0,0,0,0
"Hackensack, NJ",Hackensack,NJ,906,4,0,2,0,13,0,0,2,325,9,7,362,river,6,0,0,0,0
"Hamilton, NJ",Hamilton,NJ,369,1,0,0,0,11,0,0,3,141,6,9,171,lake,41,0,0,0,0
"Hillsborough, NJ",Hillsborough,NJ,979,0,0,2,0,1,0,0,0,87,0,2,92,lake,78,0,0,0,0
"Hoboken, NJ",Hoboken,NJ,665,106,1,292,15,115,2,6,65,835,12,223,1672,beach,16,0,0,0,0
"Howell, NJ",Howell,NJ,774,1,0,0,0,3,0,0,0,38,2,4,48,lake,8,0,0,0,0
"Irvington, NJ",Irvington,NJ,647,7,0,6,0,9,0,0,4,266,9,17,318,river,18,0,0,0,0
"Jackson, NJ",Jackson,NJ,699,0,0,0,0,0,0,0,0,5,0,0,5,river,3,0,0,0,0
"Jersey City, NJ",Jersey City,NJ,71,111,1,288,16,112,2,6,59,765,11,223,1594,beach,15,0,1,2,0
"Lakewood, NJ",Lakewood,NJ,208,1,0,0,0,4,0,0,0,34,2,4,45,lake,4,0,1,0,0
"Linden, NJ",Linden,NJ,965,3,0,3,0,7,0,0,3,237,2,8,263,river,61,0,0,0,0
"Manchester, NJ",Manchester,NJ,927,0,0,0,0,1,0,0,0,8,0,0,9,river,15,0,0,0,0
"Middletown, NJ",Middletown,NJ,579,2,0,2,0,10,0,0,1,107,0,8,130,river,15,0,0,1,0
"Monroe, NJ",Monroe,NJ,861,1,0,2,0,19,0,0,0,143,1,5,171,river,31,0,0,0,0
"Mount Laurel, NJ",Mount Laurel,NJ,935,4,0,1,0,2,0,0,0,59,0,0,66,river,166,0,0,0,0
"New Brunswick, NJ",New Brunswick,NJ,742,4,0,1,0,5,0,0,2,160,3,13,188,river,65,1,1,0,0
"Newark, NJ",Newark,NJ,62,8,0,6,0,14,0,0,4,277,9,15,333,lake,4,2,3,2,1
"North Bergen, NJ",North Bergen,NJ,622,49,0,240,6,97,1,2,50,802,12,199,1458,coastline,36,0,0,0,0
"North Brunswick, NJ",North Brunswick,NJ,962,4,0,0,0,4,0,0,1,131,3,11,154,river,11,0,0,0,0
"Old Bridge, NJ",Old Bridge,NJ,581,1,0,0,0,3,0,0,1,92,2,3,102,beach,13,0,0,0,0
"Parsippany-Troy Hills, NJ",Parsippany-Troy Hills,NJ,729,1,0,2,0,15,0,0,0,129,0,6,153,lake,83,0,0,0,0
"Passaic, NJ",Passaic,NJ,538,0,0,1,0,5,0,0,0,52,5,2,65,lake,43,0,0,0,0
"Paterson, NJ",Paterson,NJ,162,6,0,7,0,8,0,0,5,289,20,10,345,lake,16,0,0,0,0
"Perth Amboy, NJ",Perth Amboy,NJ,740,2,0,2,0,8,0,0,1,149,0,9,171,beach,36,0,0,0,0
"Piscataway, NJ",Piscataway,NJ,659,5,0,2,0,6,0,0,1,154,4,12,184,river,26,0,0,0,2
"Plainfield, NJ",Plainfield,NJ,753,2,0,1,0,8,0,0,0,142,0,0,153,river,35,0,0,0,0
"Sayreville, NJ",Sayreville,NJ,921,4,0,1,0,9,0,0,3,155,2,15,189,lake,11,0,1,0,0
"South Brunswick, NJ",South Brunswick,NJ,890,1,0,0,0,5,0,0,0,65,0,2,73,river,24,0,0,0,0
"Toms River, NJ",Toms River,NJ,349,1,0,1,0,5,0,0,0,32,2,1,42,beach,32,0,0,0,0
"Trenton, NJ",Trenton,NJ,380,1,0,1,0,17,0,0,3,150,6,10,188,river,18,0,0,0,1
"Union, NJ",Union,NJ,675,3,0,3,0,11,0,0,2,255,2,11,287,lake,89,0,0,0,0
"Union City, NJ",Union City,NJ,561,57,1,253,6,118,1,3,55,874,11,208,1587,coastline,38,0,0,0,0
"Vineland, NJ",Vineland,NJ,660,0,0,1,0,4,0,0,0,11,0,4,20,,0,0,0,0,0
"Washington, NJ",Washington,NJ,859,0,0,0,0,2,0,0,0,7,0,0,9,river,1,0,0,0,0
"Wayne, NJ",Wayne,NJ,749,4,0,4,0,9,0,0,3,193,17,4,234,beach,76,0,0,0,0
"West New York, NJ",West New York,NJ,786,55,0,253,7,113,1,3,59,928,11,208,1638,coastline,36,0,0,0,0
"West Orange, NJ",West Orange,NJ,854,6,0,5,0,9,0,0,2,281,11,19,333,river,62,0,0,0,0
"Woodbridge, NJ",Woodbridge,NJ,309,2,0,2,0,7,0,0,0,167,0,7,185,river,46,0,0,0,0
"Albuquerque, NM",Albuquerque,NM,32,6,0,22,0,22,0,0,7,254,10,37,358,river,37,3,7,0,5
"Farmington, NM",Farmington,NM,896,2,0,2,0,6,0,0,0,53,0,4,67,river,49,0,0,0,0
"Las Cruces, NM",Las Cruces,NM,276,2,0,2,0,8,0,0,1,83,9,1,106,lake,7,0,0,0,2
"Rio Rancho, NM",Rio Rancho,NM,307,0,0,3,0,3,0,0,1,98,1,3,109,river,25,0,1,0,1
"Roswell, NM",Roswell,NM,862,0,0,0,0,7,0,0,1,48,2,4,62,river,22,0,2,0,0
"Santa Fe, NM",Santa Fe,NM,401,9,0,129,0,27,0,0,1,114,0,14,294,river,122,1,0,0,0
"Carson City, NV",Carson City,NV,696,3,0,0,0,6,0,0,0,42,1,0,52,lake,35,0,0,0,0
"Henderson, NV",Henderson,NV,60,0,0,0,0,1,0,0,1,136,4,8,150,river,2,2,2,0,1
"Las Vegas, NV",Las Vegas,NV,26,4,0,13,0,21,0,0,24,184,16,39,301,river,10,53,49,1,6
"North Las Vegas, NV",North Las Vegas,NV,84,3,0,11,0,16,0,0,10,260,6,21,327,river,7,0,1,0,0
"Reno, NV",Reno,NV,82,3,0,6,0,10,0,0,8,153,5,14,199,lake,25,6,11,0,10
"Sparks, NV",Sparks,NV,287,3,0,6,0,10,0,0,8,154,5,14,200,beach,8,0,0,0,0
"Albany, NY",Albany,NY,332,8,0,6,0,18,0,2,2,211,9,32,288,lake,42,2,4,0,1
"Binghamton, NY",Binghamton,NY,869,1,0,0,0,3,0,0,3,71,5,3,86,river,38,2,1,0,1
"Buffalo, NY",Buffalo,NY,76,5,0,18,0,19,0,3,1,235,9,20,310,beach,16,11,16,1,6
"Freeport, NY",Freeport,NY,943,1,0,1,0,19,0,0,6,262,11,13,313,coastline,86,0,0,0,0
"Hempstead, NY",Hempstead,NY,687,1,0,1,0,14,0,0,7,306,17,11,357,beach,52,0,0,0,0
"Mount Vernon, NY",Mount Vernon,NY,504,7,0,7,0,12,0,0,3,429,15,16,489,coastline,39,0,0,0,0
"New Rochelle, NY",New Rochelle,NY,454,6,0,7,0,7,0,0,0,258,15,6,299,beach,48,0,0,0,0
"New York, NY",New York,NY,1,124,1,316,20,119,3,6,82,923,7,228,1829,beach,38,86,49,6,3
"Niagara Falls, NY",Niagara Falls,NY,860,1,0,4,0,17,0,0,2,125,2,9,160,lake,29,1,3,0,2
"Rochester, NY",Rochester,NY,108,5,0,10,0,11,0,0,3,148,25,21,223,river,18,2,9,2,1
"Schenectady, NY",Schenectady,NY,580,3,0,1,0,4,0,0,1,77,7,12,105,beach,46,2,3,1,0
"Syracuse, NY",Syracuse,NY,184,4,0,8,0,12,0,1,5,147,12,12,201,river,7,5,8,0,2
"Troy, NY",Troy,NY,808,10,0,5,0,15,0,1,1,185,3,26,246,beach,43,1,1,0,1
"Utica, NY",Utica,NY,598,0,0,1,0,5,0,0,0,46,9,3,64,river,15,1,1,0,1
"White Plains, NY",White Plains,NY,680,0,0,1,0,4,0,0,0,158,22,5,190,lake,89,1,1,0,1
"Yonkers, NY",Yonkers,NY,107,7,0,4,0,11,0,0,3,377,13,12,427,beach,56,0,0,0,0
"Akron, OH",Akron,OH,136,3,0,5,0,9,0,0,3,238,15,11,284,river,6,5,7,0,1
"Beavercreek, OH",Beavercreek,OH,898,2,0,3,0,18,0,0,0,150,16,5,194,river,24,0,0,0,0
"Canton, OH",Canton,OH,532,3,0,0,0,7,0,0,0,94,5,0,109,river,25,0,2,0,2
"Cincinnati, OH",Cincinnati,OH,65,11,0,18,1,33,0,2,3,296,42,37,443,river,14,8,10,1,5
"Cleveland, OH",Cleveland,OH,54,11,0,7,1,26,0,6,9,203,9,40,312,beach,15,5,10,2,7
"Cleveland Heights, OH",Cleveland Heights,OH,922,7,0,11,1,19,0,2,3,193,6,26,268,river,22,0,3,1,0
"Columbus, OH",Columbus,OH,14,15,0,6,1,13,0,0,8,318,19,23,403,river,8,13,19,4,4
"Cuyahoga Falls, OH",Cuyahoga Falls,OH,814,3,0,5,0,9,0,0,3,228,13,11,272,river,38,0,0,0,0
"Dayton, OH",Dayton,OH,202,3,0,9,0,31,0,0,2,210,18,13,286,river,13,2,2,0,2
"Dublin, OH",Dublin,OH,845,4,0,0,0,7,0,0,0,194,3,5,213,river,31,0,0,0,0
"Elyria, OH",Elyria,OH,791,0,0,1,0,2,0,0,0,41,4,1,49,river,18,0,0,0,0
"Euclid, OH",Euclid,OH,839,1,0,3,1,3,0,0,2,113,7,3,133,beach,7,0,0,0,0
"Fairfield, OH",Fairfield,OH,928,1,0,1,0,5,0,0,0,32,0,0,39,lake,31,0,0,0,0
"Hamilton, OH",Hamilton,OH,620,3,0,3,0,4,0,1,0,189,30,12,242,river,25,0,0,0,0
"Huber Heights, OH",Huber Heights,OH,977,1,0,3,0,16,0,0,0,83,7,5,115,,0,0,0,0,0
"Kettering, OH",Kettering,OH,710,3,0,6,0,14,0,0,3,233,31,11,301,lake,1,0,0,0,0
"Lakewood, OH",Lakewood,OH,819,6,0,2,1,11,0,4,9,168,9,15,225,beach,12,0,2,0,0
"Lorain, OH",Lorain,OH,600,1,0,5,0,2,0,0,0,26,2,3,39,river,2,0,0,0,0
"Mansfield, OH",Mansfield,OH,879,1,0,0,0,3,0,0,0,33,2,3,42,river,28,0,0,0,0
"Mentor, OH",Mentor,OH,881,0,0,2,0,1,0,0,0,52,5,4,64,river,9,0,0,0,0
"Middletown, OH",Middletown,OH,818,3,0,0,0,5,0,0,0,57,5,2,72,river,6,0,0,0,0
"Newark, OH",Newark,OH,834,0,0,0,0,6,0,0,0,24,3,1,34,river,42,0,0,0,0
"Parma, OH",Parma,OH,443,2,0,0,1,6,0,0,0,114,7,2,132,lake,36,0,0,0,0
"Springfield, OH",Springfield,OH,695,0,0,0,0,5,0,0,0,29,8,2,44,river,9,1,0,0,0
"Strongsville, OH",Strongsville,OH,899,2,0,0,0,22,0,0,0,74,5,2,105,river,44,0,0,0,0
"Toledo, OH",Toledo,OH,79,3,0,0,0,9,0,0,2,193,20,11,238,beach,12,2,1,0,3
"Youngstown, OH",Youngstown,OH,670,3,0,2,0,10,0,0,3,146,35,14,213,lake,69,0,0,0,2
"Broken Arrow, OK",Broken Arrow,OK,267,0,0,0,0,2,0,0,2,100,2,5,111,river,159,0,0,0,0
"Edmond, OK",Edmond,OK,357,0,0,0,0,1,0,0,0,63,1,6,71,river,93,0,0,0,0
"Enid, OK",Enid,OK,810,1,1,1,0,5,0,0,0,31,2,2,43,river,43,0,0,0,0
"Lawton, OK",Lawton,OK,383,0,0,0,0,6,0,0,0,95,2,4,107,river,20,0,0,0,0
"Midwest City, OK",Midwest City,OK,701,0,0,0,0,3,0,0,0,130,0,2,135,river,61,0,1,0,0
"Moore, OK",Moore,OK,628,1,0,0,0,1,0,0,1,69,0,1,73,river,67,0,0,0,0
"Norman, OK",Norman,OK,216,5,0,0,0,3,0,0,1,106,5,4,124,river,27,1,1,1,2
"Oklahoma City, OK",Oklahoma City,OK,22,3,0,4,0,23,0,0,8,293,13,11,355,river,17,3,12,0,3
"Stillwater, OK",Stillwater,OK,863,3,0,1,0,4,0,0,0,27,9,5,49,river,127,0,0,0,2
"Tulsa, OK",Tulsa,OK,47,5,0,16,0,15,0,0,3,115,10,12,176,lake,17,4,6,0,3
"Albany, OR",Albany,OR,725,0,0,1,0,1,0,0,0,42,1,2,47,lake,31,0,0,0,0
"Beaverton, OR",Beaverton,OR,340,7,0,0,0,10,0,0,2,387,22,26,454,river,150,0,0,0,0
"Bend, OR",Bend,OR,333,2,0,0,0,2,0,0,0,95,3,8,110,beach,12,1,7,0,0
"Corvallis, OR",Corvallis,OR,673,1,0,6,0,3,0,0,1,57,7,3,78,lake,39,0,0,0,1
"Eugene, OR",Eugene,OR,146,5,0,5,1,6,0,0,1,185,16,15,234,beach,55,4,4,0,2
"Gresham, OR",Gresham,OR,265,0,0,0,0,2,0,0,2,146,3,5,158,lake,18,0,0,0,0
"Hillsboro, OR",Hillsboro,OR,297,3,0,1,0,2,0,0,1,212,5,8,232,river,137,0,0,0,0
"Medford, OR",Medford,OR,413,1,0,2,0,5,0,0,1,50,4,9,72,river,42,0,1,0,0
"Portland, OR",Portland,OR,25,13,0,30,3,25,0,2,19,282,21,51,446,beach,20,12,22,1,3
"Salem, OR",Salem,OR,148,1,0,5,0,5,0,0,1,135,6,13,166,river,41,2,2,0,0
"Springfield, OR",Springfield,OR,639,5,0,5,1,6,0,0,1,159,15,14,206,river,45,0,0,0,0
"Tigard, OR",Tigard,OR,756,9,0,1,0,5,0,0,2,275,19,19,330,river,174,0,0,0,0
"Allentown, PA",Allentown,PA,225,4,0,7,0,19,0,0,6,244,16,20,316,lake,31,0,4,0,1
"Altoona, PA",Altoona,PA,957,0,0,0,0,5,0,0,1,21,4,1,32,river,12,0,0,0,0
"Bethlehem, PA",Bethlehem,PA,490,5,0,6,0,16,0,0,6,209,15,11,268,river,14,1,1,0,0
"Erie, PA",Erie,PA,355,2,0,7,0,10,0,0,1,121,12,12,165,beach,27,2,2,1,2
"Harrisburg, PA",Harrisburg,PA,829,2,0,1,0,7,0,0,3,143,5,6,167,marina,39,0,3,0,0
"Lancaster, PA",Lancaster,PA,707,1,0,3,0,13,0,0,3,81,5,9,115,river,5,2,3,1,0
"Philadelphia, PA",Philadelphia,PA,6,14,0,16,0,94,0,5,13,578,12,68,800,marina,47,17,22,2,5
"Pittsburgh, PA",Pittsburgh,PA,68,16,1,5,0,34,0,0,5,285,19,34,399,lake,28,8,12,1,6
"Reading, PA",Reading,PA,352,0,0,1,0,9,0,0,1,128,3,6,148,river,25,1,5,0,2
"Scranton, PA",Scranton,PA,483,4,0,3,0,12,0,0,0,105,1,7,132,river,37,1,1,0,0
"Wilkes Barre, PA",Wilkes Barre,PA,949,3,0,0,0,1,0,0,5,116,6,4,135,lake,34,1,3,1,1
"York, PA",York,PA,930,2,1,5,0,4,0,0,0,83,5,3,103,river,43,3,1,0,0
"Cranston, RI",Cranston,RI,431,8,0,2,0,19,0,1,6,176,5,17,234,river,15,0,0,0,0
"East Providence, RI",East Providence,RI,887,8,0,2,0,18,0,1,6,193,20,16,264,beach,58,0,0,0,0
"Pawtucket, RI",Pawtucket,RI,492,8,0,2,0,13,0,1,6,180,19,16,245,coastline,28,0,1,0,0
"Providence, RI",Providence,RI,133,8,0,2,0,20,0,1,6,200,20,16,273,beach,72,3,5,0,4
"Warwick, RI",Warwick,RI,434,1,0,2,0,9,0,0,1,64,1,4,82,beach,84,0,0,0,0
"Woonsocket, RI",Woonsocket,RI,980,0,0,0,0,1,0,1,0,53,1,3,59,river,96,0,0,0,0
"Charleston, SC",Charleston,SC,179,2,0,41,0,31,0,0,5,136,6,21,242,coastline,120,3,6,0,1
"Columbia, SC",Columbia,SC,205,6,0,9,0,14,0,0,7,103,18,13,170,river,55,1,3,0,3
"Goose Creek, SC",Goose Creek,SC,908,0,0,1,0,0,0,0,1,51,0,1,54,lake,35,0,0,0,0
"Greenville, SC",Greenville,SC,535,3,1,4,0,13,0,5,10,77,30,21,164,river,230,1,2,0,1
"Mount Pleasant, SC",Mount Pleasant,SC,381,1,0,41,0,31,0,0,5,101,6,19,204,coastline,99,0,0,0,0
"North Charleston, SC",North Charleston,SC,257,0,0,41,0,29,0,0,5,180,7,23,285,river,62,1,2,0,1
"Rock Hill, SC",Rock Hill,SC,499,2,0,0,0,2,0,0,0,33,6,3,46,river,106,0,0,0,0
"Summerville, SC",Summerville,SC,821,1,0,1,0,1,0,0,0,31,5,2,41,river,22,0,0,0,0
"Sumter, SC",Sumter,SC,976,1,0,0,0,1,0,0,0,16,3,1,22,lake,6,0,0,0,0
"Rapid City, SD",Rapid City,SD,496,1,0,1,0,2,0,0,2,43,2,3,54,river,10,0,0,0,1
"Sioux Falls, SD",Sioux Falls,SD,131,2,0,6,0,7,0,0,1,87,6,6,115,beach,10,1,6,1,2
"Bartlett, TN",Bartlett,TN,712,1,0,0,0,1,0,0,0,47,0,1,50,lake,3,0,2,0,0
"Brentwood, TN",Brentwood,TN,920,0,0,0,0,3,0,0,1,63,16,4,87,lake,13,0,0,0,0
"Chattanooga, TN",Chattanooga,TN,142,3,0,2,0,14,0,1,2,125,9,8,164,lake,24,2,5,0,1
"Clarksville, TN",Clarksville,TN,159,1,0,0,0,3,0,0,4,33,4,6,51,marina,21,1,1,0,2
"Cleveland, TN",Cleveland,TN,882,0,0,0,0,1,0,0,0,27,0,3,31,river,118,0,0,0,0
"Collierville, TN",Collierville,TN,809,0,0,0,0,0,0,0,0,18,0,2,20,lake,1,0,0,0,0
"Franklin, TN",Franklin,TN,430,0,0,0,0,5,0,0,0,37,1,4,47,lake,20,1,1,0,0
"Gallatin, TN",Gallatin,TN,945,0,0,0,0,3,0,0,0,28,1,0,32,river,8,0,0,0,0
"Hendersonville, TN",Hendersonville,TN,640,1,0,0,0,3,0,0,0,47,2,1,54,lake,10,0,0,0,0
"Jackson, TN",Jackson,TN,566,1,0,1,0,6,0,0,0,21,0,0,29,river,38,0,0,0,0
"Johnson City, TN",Johnson City,TN,530,0,0,3,0,2,0,0,1,34,10,4,54,river,79,0,2,0,0
"Kingsport, TN",Kingsport,TN,739,2,0,1,0,1,0,0,0,27,2,1,34,river,13,0,0,0,0
"Knoxville, TN",Knoxville,TN,135,1,0,4,0,12,0,0,0,107,9,10,143,marina,45,8,5,0,3
"Memphis, TN",Memphis,TN,28,1,0,3,0,20,0,0,4,106,6,15,155,marina,21,7,6,0,4
"Murfreesboro, TN",Murfreesboro,TN,173,1,1,3,0,2,0,0,0,27,7,1,42,river,23,0,1,0,1
"Nashville, TN",Nashville,TN,21,10,0,19,0,19,0,0,6,145,25,22,246,river,7,13,25,2,8
"Smyrna, TN",Smyrna,TN,783,0,0,0,0,1,0,0,0,42,1,1,45,river,13,0,0,0,0
"Spring Hill, TN",Spring Hill,TN,831,0,0,0,0,1,0,0,0,18,0,0,19,,0,0,0,0,0
"Abilene, TX",Abilene,TX,228,1,0,1,0,8,0,0,0,48,8,5,71,river,11,1,0,0,0
"Allen, TX",Allen,TX,306,1,0,0,0,3,0,0,0,228,19,8,259,lake,10,0,0,0,1
"Amarillo, TX",Amarillo,TX,121,1,0,5,0,6,0,0,5,92,3,6,118,river,1,0,0,1,0
"Arlington, TX",Arlington,TX,50,0,0,0,0,6,0,0,0,148,11,15,180,river,21,2,1,0,3
"Austin, TX",Austin,TX,11,8,0,11,8,32,0,0,22,264,18,31,394,river,49,9,21,1,4
"Baytown, TX",Baytown,TX,428,0,0,1,0,1,0,0,1,42,4,1,50,river,7,0,0,0,0
"Beaumont, TX",Beaumont,TX,255,0,0,1,0,10,0,0,2,40,8,4,65,marina,13,0,2,0,1
"Bedford, TX",Bedford,TX,836,0,0,1,0,2,0,0,1,138,12,0,154,lake,30,0,0,0,0
"Brownsville, TX",Brownsville,TX,139,1,0,1,0,8,0,0,1,177,11,2,201,lake,32,0,0,0,0
"Bryan, TX",Bryan,TX,426,1,0,5,0,5,0,0,1,78,14,9,113,lake,78,0,0,0,1
"Burleson, TX",Burleson,TX,877,0,0,0,0,2,0,0,0,2,0,0,4,river,3,0,0,0,1
"Carrollton, TX",Carrollton,TX,214,1,0,2,0,5,0,0,3,209,9,14,243,lake,68,0,0,0,0
"Cedar Hill, TX",Cedar Hill,TX,849,0,0,0,0,1,0,0,0,89,3,3,96,river,2,0,0,0,0
"Cedar Park, TX",Cedar Park,TX,475,0,0,0,0,0,0,1,1,206,4,4,216,river,70,1,1,0,1
"College Station, TX",College Station,TX,236,1,0,5,0,5,0,0,1,116,16,10,154,lake,80,0,0,0,1
"Conroe, TX",Conroe,TX,386,0,0,0,0,1,0,0,0,34,2,0,37,river,12,1,0,0,0
"Coppell, TX",Coppell,TX,987,0,0,4,0,3,0,0,0,159,7,7,180,river,13,0,0,0,0
"Corpus Christi, TX",Corpus Christi,TX,59,1,0,1,0,8,0,0,1,126,4,6,147,beach,3,1,3,0,1
"Dallas, TX",Dallas,TX,9,2,0,7,0,15,0,0,18,256,12,18,328,river,40,9,22,3,4
"DeSoto, TX",DeSoto,TX,730,0,0,0,0,4,0,0,0,93,4,1,102,river,1,0,0,0,0
"Denton, TX",Denton,TX,197,3,0,0,1,6,0,0,0,88,13,8,119,river,31,0,0,0,1
"Edinburg, TX",Edinburg,TX,324,0,0,0,0,3,0,0,0,48,7,4,62,river,1,0,2,0,1
"El Paso, TX",El Paso,TX,23,5,0,4,0,21,0,0,3,434,14,14,495,river,66,8,6,0,5
"Euless, TX",Euless,TX,654,0,0,1,0,4,0,0,1,121,12,7,146,river,15,0,0,0,0
"Flower Mound, TX",Flower Mound,TX,486,0,0,4,0,0,0,0,0,170,6,7,187,lake,7,0,0,0,0
"Fort Worth, TX",Fort Worth,TX,13,2,0,0,0,31,0,0,2,172,13,16,236,lake,16,3,6,0,5
"Frisco, TX",Frisco,TX,120,0,0,1,0,2,0,0,0,245,10,2,260,river,25,1,0,0,3
"Galveston, TX",Galveston,TX,771,0,0,0,0,1,0,0,0,43,7,0,51,lake,22,0,0,0,0
"Garland, TX",Garland,TX,92,1,0,0,0,3,0,0,0,145,5,1,155,river,33,0,0,0,0
"Georgetown, TX",Georgetown,TX,577,0,0,4,1,1,0,0,0,102,1,7,116,river,33,0,0,0,0
"Grand Prairie, TX",Grand Prairie,TX,128,0,0,0,0,4,0,0,0,101,9,11,125,river,32,2,1,0,0
"Grapevine, TX",Grapevine,TX,823,0,0,4,0,2,0,1,0,145,6,6,164,river,43,0,0,0,0
"Haltom City, TX",Haltom City,TX,905,0,0,0,0,14,0,0,2,147,9,9,181,river,7,0,0,0,0
"Harlingen, TX",Harlingen,TX,523,1,0,1,0,1,0,1,0,37,6,2,49,lake,11,0,0,0,0
"Houston, TX",Houston,TX,4,8,0,9,1,31,0,1,23,415,26,27,541,lake,14,19,25,2,4
"Huntsville, TX",Huntsville,TX,909,0,0,0,0,4,0,0,0,21,5,0,30,lake,69,0,0,0,0
"Irving, TX",Irving,TX,87,2,0,0,0,4,0,1,5,114,3,2,131,river,6,2,1,0,0
"Keller, TX",Keller,TX,912,0,0,1,0,1,0,1,0,165,6,1,175,river,46,0,0,0,0
"Killeen, TX",Killeen,TX,171,1,0,1,0,5,0,0,0,138,4,5,154,river,6,0,0,0,0
"Kyle, TX",Kyle,TX,914,0,0,0,1,1,0,0,0,43,1,1,47,lake,51,0,0,0,0
"Laredo, TX",Laredo,TX,88,2,0,4,0,6,0,0,11,240,9,16,288,river,45,0,1,0,1
"League City, TX",League City,TX,263,0,0,0,0,1,0,0,2,110,10,1,124,lake,32,0,0,0,0
"Leander, TX",Leander,TX,684,0,0,0,0,1,0,1,1,152,2,2,159,lake,56,0,0,0,0
"Lewisville, TX",Lewisville,TX,274,0,0,1,0,0,0,0,0,196,7,8,212,river,22,0,0,0,0
"Little Elm, TX",Little Elm,TX,901,0,0,0,0,1,0,0,0,160,7,2,170,beach,16,0,0,0,0
"Longview, TX",Longview,TX,441,1,0,0,0,4,0,0,2,41,4,2,54,lake,118,1,2,0,0
"Lubbock, TX",Lubbock,TX,86,11,0,2,0,9,0,0,13,99,6,9,149,river,27,2,3,0,1
"Mansfield, TX",Mansfield,TX,516,0,0,0,0,2,0,0,0,48,4,0,54,lake,38,0,0,0,0
"McAllen, TX",McAllen,TX,190,2,0,0,0,1,0,1,1,94,8,1,108,lake,1,1,1,0,0
"McKinney, TX",McKinney,TX,129,0,0,1,0,4,0,0,0,105,8,2,120,lake,45,0,0,0,0
"Mesquite, TX",Mesquite,TX,180,1,0,0,0,1,0,0,2,103,7,0,114,lake,67,0,0,0,0
"Midland, TX",Midland,TX,215,0,0,0,0,0,0,0,0,0,0,0,0,,0,0,2,0,0
"Mission, TX",Mission,TX,415,2,0,0,0,1,0,1,1,71,3,1,80,river,4,0,0,0,0
"Missouri City, TX",Missouri City,TX,500,1,0,2,0,1,0,0,3,140,9,4,160,river,15,0,0,0,0
"New Braunfels, TX",New Braunfels,TX,382,0,0,5,0,8,0,0,2,50,4,4,73,beach,50,0,3,1,0
"North Richland Hills, TX",North Richland Hills,TX,547,0,0,1,0,2,0,0,0,125,11,0,139,river,7,0,0,0,1
"Odessa, TX",Odessa,TX,260,0,0,0,0,5,0,0,12,50,4,3,74,lake,12,0,1,0,1
"Pasadena, TX",Pasadena,TX,174,0,0,0,0,3,0,0,2,99,10,2,116,river,3,1,1,0,0
"Pearland, TX",Pearland,TX,226,0,0,0,0,4,0,0,0,74,10,0,88,river,12,0,0,0,0
"Pflugerville, TX",Pflugerville,TX,602,0,0,1,1,2,0,0,0,188,4,2,198,river,32,0,0,0,0
"Pharr, TX",Pharr,TX,455,2,0,0,0,1,0,1,1,77,8,0,90,,0,0,0,0,0
"Plano, TX",Plano,TX,74,1,0,2,0,6,0,0,0,205,8,7,229,river,31,0,0,0,1
"Port Arthur, TX",Port Arthur,TX,731,0,0,0,0,1,0,0,0,24,1,1,27,lake,5,0,0,0,0
"Richardson, TX",Richardson,TX,240,4,0,6,0,6,0,0,0,192,11,6,225,lake,77,1,0,0,0
"Rockwall, TX",Rockwall,TX,886,0,0,0,0,1,0,0,0,37,1,4,43,river,34,0,0,0,0
"Round Rock, TX",Round Rock,TX,241,1,0,1,0,1,0,0,0,198,6,4,211,river,70,0,0,0,0
"Rowlett, TX",Rowlett,TX,633,1,0,0,0,2,0,0,0,107,3,1,114,river,32,0,0,0,0
"San Angelo, TX",San Angelo,TX,328,1,0,0,0,5,0,0,0,40,3,2,51,river,24,0,0,0,0
"San Antonio, TX",San Antonio,TX,7,7,0,6,0,43,0,0,11,174,17,32,290,marina,83,11,20,5,3
"San Marcos, TX",San Marcos,TX,572,0,0,0,0,6,0,0,4,44,3,3,60,lake,71,0,0,0,2
"Sherman, TX",Sherman,TX,968,0,0,0,0,0,0,0,0,0,0,0,0,river,1,0,0,0,0
"Sugar Land, TX",Sugar Land,TX,277,1,0,2,0,1,0,0,0,138,7,3,152,lake,15,1,2,1,0
"Temple, TX",Temple,TX,439,1,0,0,0,3,0,0,0,40,1,1,46,river,55,0,0,0,1
"Texas City, TX",Texas City,TX,800,0,0,0,0,1,0,0,0,35,4,0,40,river,12,0,0,0,0
"The Colony, TX",The Colony,TX,938,0,0,1,0,2,0,0,0,192,13,4,212,river,45,0,0,0,0
"Tyler, TX",Tyler,TX,299,0,0,0,0,6,0,0,1,30,2,6,45,river,34,0,0,0,0
"Victoria, TX",Victoria,TX,597,0,0,0,0,3,0,0,0,11,3,1,18,river,2,0,0,0,0
"Waco, TX",Waco,TX,200,2,0,2,0,9,0,0,2,65,19,6,105,river,10,0,0,0,2
"Wichita Falls, TX",Wichita Falls,TX,315,1,0,0,0,4,0,0,2,47,2,1,57,lake,4,0,1,0,0
"Wylie, TX",Wylie,TX,714,0,0,0,0,2,0,0,0,90,4,2,98,river,10,0,0,0,0
"Bountiful, UT",Bountiful,UT,913,1,0,1,0,2,0,0,1,70,0,4,79,river,84,0,0,0,0
"Draper, UT",Draper,UT,817,0,0,1,0,6,0,0,1,277,7,3,295,river,85,0,0,0,0
"Eagle Mountain, UT",Eagle Mountain,UT,969,0,0,0,0,0,0,0,0,128,0,1,129,river,1,0,0,0,0
"Herriman, UT",Herriman,UT,744,0,0,0,0,1,0,0,0,390,4,3,398,river,59,0,0,0,0
"Layton, UT",Layton,UT,440,1,0,0,0,3,0,0,0,182,11,2,199,river,28,0,0,0,0
"Lehi, UT",Lehi,UT,487,3,0,0,0,8,0,0,0,366,2,7,386,river,66,0,0,0,0
"Logan, UT",Logan,UT,787,3,0,0,0,2,0,0,0,89,3,8,105,river,88,0,1,0,2
"Millcreek, UT",Millcreek,UT,621,4,0,16,0,18,0,1,7,214,7,34,301,river,59,0,0,0,0
"Murray, UT",Murray,UT,822,4,0,8,0,8,0,0,3,240,6,23,292,river,48,0,0,0,0
"Ogden, UT",Ogden,UT,402,1,0,0,0,10,0,0,3,185,5,5,209,river,48,0,0,0,0
"Orem, UT",Orem,UT,338,1,0,2,0,9,0,0,0,229,9,17,267,river,11,0,0,0,0
"Provo, UT",Provo,UT,256,1,0,2,0,11,0,0,0,179,8,14,215,river,33,0,0,1,3
"Riverton, UT",Riverton,UT,925,0,0,1,0,7,0,0,1,515,9,7,540,river,52,0,0,0,0
"Salt Lake City, UT",Salt Lake City,UT,122,2,0,15,0,17,0,1,6,189,9,29,268,lake,36,7,11,1,2
"Sandy, UT",Sandy,UT,344,0,0,2,0,9,0,0,1,407,7,7,433,river,69,2,0,1,0
"South Jordan, UT",South Jordan,UT,476,0,0,2,0,8,0,0,1,562,9,9,591,river,79,0,0,0,0
"Spanish Fork, UT",Spanish Fork,UT,992,0,0,0,0,6,0,0,0,102,1,1,110,river,44,0,0,0,0
"St George, UT",St George,UT,350,1,0,2,0,8,0,0,0,84,6,4,105,river,10,0,0,0,0
"Taylorsville, UT",Taylorsville,UT,663,3,0,5,0,5,0,0,3,276,4,21,317,river,10,0,0,0,1
"West Jordan, UT",West Jordan,UT,248,2,0,4,0,8,0,0,2,430,10,14,470,river,75,0,0,0,0
"West Valley City, UT",West Valley City,UT,195,3,0,5,0,2,0,0,3,227,3,17,260,lake,17,1,1,0,1
"Alexandria, VA",Alexandria,VA,163,7,0,9,0,39,0,0,2,530,7,25,619,river,38,1,1,0,0
"Blacksburg, VA",Blacksburg,VA,929,2,0,2,0,3,0,0,0,64,7,1,79,beach,106,0,0,0,1
"Charlottesville, VA",Charlottesville,VA,897,6,0,5,0,6,0,2,0,60,88,10,177,river,144,4,4,0,2
"Chesapeake, VA",Chesapeake,VA,90,0,0,0,0,1,0,0,1,73,7,0,82,lake,80,0,0,0,0
"Danville, VA",Danville,VA,993,0,0,1,0,5,0,0,0,31,2,0,39,river,126,1,1,0,0
"Hampton, VA",Hampton,VA,204,1,0,1,0,8,0,0,1,56,9,1,77,marina,24,2,1,1,1
"Harrisonburg, VA",Harrisonburg,VA,802,1,0,1,0,4,0,0,0,31,10,2,49,river,75,0,0,0,1
"Leesburg, VA",Leesburg,VA,866,1,0,0,0,6,0,0,0,46,2,2,57,river,107,0,2,0,0
"Lynchburg, VA",Lynchburg,VA,463,1,0,7,0,11,0,1,0,36,8,11,75,river,54,0,0,0,1
"Manassas, VA",Manassas,VA,990,2,0,0,0,2,0,0,0,78,3,3,88,lake,126,0,0,0,0
"Newport News, VA",Newport News,VA,140,2,0,1,0,7,0,0,1,66,8,2,87,beach,3,1,1,0,0
"Norfolk, VA",Norfolk,VA,94,5,0,1,0,17,0,0,5,167,11,16,222,beach,22,3,5,0,3
"Portsmouth, VA",Portsmouth,VA,339,5,0,1,0,17,0,0,3,167,14,16,223,beach,24,0,0,0,0
"Richmond, VA",Richmond,VA,100,8,0,19,0,21,0,0,3,162,15,20,248,marina,18,4,8,0,2
"Roanoke, VA",Roanoke,VA,326,2,0,1,0,7,0,0,2,85,11,6,114,river,35,1,0,1,1
"Suffolk, VA",Suffolk,VA,358,1,0,1,0,2,0,0,0,15,0,0,19,marina,12,0,0,0,0
"Virginia Beach, VA",Virginia Beach,VA,43,0,0,0,0,5,0,0,4,51,1,2,63,beach,15,4,6,0,0
"Burlington, VT",Burlington,VT,933,3,0,1,0,5,0,0,1,71,1,6,88,beach,55,2,1,0,2
"Auburn, WA",Auburn,WA,405,2,0,1,0,4,0,0,1,340,4,6,358,lake,7,1,1,0,1
"Bellevue, WA",Bellevue,WA,175,13,0,10,0,6,0,0,7,497,10,24,567,beach,122,0,0,0,0
"Bellingham, WA",Bellingham,WA,373,2,0,3,0,8,0,0,4,72,2,7,98,beach,44,2,0,0,0
"Bothell, WA",Bothell,WA,867,3,0,5,0,5,0,0,0,376,0,10,399,river,104,0,0,0,0
"Bremerton, WA",Bremerton,WA,972,3,0,2,0,8,0,0,1,94,0,5,113,beach,84,0,0,0,0
"Burien, WA",Burien,WA,798,7,0,7,1,13,0,0,0,217,1,6,252,coastline,134,0,0,0,0
"Edmonds, WA",Edmonds,WA,989,1,0,3,0,6,0,0,0,158,1,6,175,beach,171,0,0,0,0
"Everett, WA",Everett,WA,280,1,0,2,0,3,0,0,0,151,2,4,163,beach,36,1,1,0,1
"Federal Way, WA",Federal Way,WA,322,2,0,1,0,7,0,0,1,255,4,7,277,beach,20,0,0,0,0
"Kennewick, WA",Kennewick,WA,427,0,0,1,0,4,0,0,3,98,5,4,115,marina,26,1,1,0,1
"Kent, WA",Kent,WA,206,2,0,1,0,6,0,0,1,411,3,1,425,lake,56,0,1,0,1
"Kirkland, WA",Kirkland,WA,370,7,0,7,0,7,0,0,2,475,9,26,533,beach,63,0,0,0,0
"Lacey, WA",Lacey,WA,775,1,0,1,0,12,0,0,0,182,4,7,207,lake,42,0,0,0,0
"Lakewood, WA",Lakewood,WA,615,1,0,1,0,9,0,0,1,180,5,6,203,lake,23,0,0,0,0
"Marysville, WA",Marysville,WA,536,0,0,2,0,3,0,0,0,162,4,6,177,coastline,147,0,0,0,0
"Olympia, WA",Olympia,WA,736,1,0,1,0,11,0,0,0,173,4,9,199,beach,95,0,0,0,0
"Pasco, WA",Pasco,WA,477,0,0,1,0,4,0,0,3,86,5,4,103,marina,3,0,0,0,0
"Puyallup, WA",Puyallup,WA,988,3,0,0,0,3,0,0,0,367,2,6,381,river,51,0,0,0,0
"Redmond, WA",Redmond,WA,509,2,0,5,0,3,0,0,1,407,0,12,430,beach,119,0,0,0,0
"Renton, WA",Renton,WA,296,2,0,1,0,8,0,0,0,394,1,6,412,beach,36,0,0,0,0
"Richland, WA",Richland,WA,662,1,0,1,0,3,0,0,0,141,4,8,158,marina,21,0,0,0,0
"Sammamish, WA",Sammamish,WA,573,0,0,1,0,2,0,0,0,452,0,10,465,lake,48,0,0,0,0
"Seattle, WA",Seattle,WA,18,30,0,28,1,33,0,0,31,544,18,53,738,beach,35,15,35,5,4
"Shoreline, WA",Shoreline,WA,697,5,0,5,0,6,0,0,0,264,1,17,298,beach,51,0,0,0,0
"Spokane, WA",Spokane,WA,97,1,0,1,0,9,0,0,0,161,8,12,192,beach,25,4,12,1,1
"Spokane Valley, WA",Spokane Valley,WA,311,0,0,0,0,4,0,0,0,116,1,2,123,river,1,0,0,0,0
"Tacoma, WA",Tacoma,WA,103,3,0,2,0,14,0,0,1,266,8,13,307,coastline,14,4,5,0,2
"Vancouver, WA",Vancouver,WA,134,5,0,7,0,5,0,0,2,211,9,13,252,beach,23,0,0,0,0
"Yakima, WA",Yakima,WA,343,0,0,0,0,6,0,0,1,56,4,1,68,river,4,1,0,0,1
"Appleton, WI",Appleton,WI,491,5,0,2,0,11,0,0,1,164,10,28,221,marina,30,1,1,0,0
"Eau Claire, WI",Eau Claire,WI,555,1,0,1,0,4,0,0,0,138,2,11,157,beach,28,1,3,1,1
"Fond du Lac, WI",Fond du Lac,WI,934,1,0,0,0,1,0,0,0,51,0,1,54,river,8,0,0,0,0
"Green Bay, WI",Green Bay,WI,294,2,0,1,0,8,0,0,1,221,5,16,254,marina,9,1,3,1,2
"Janesville, WI",Janesville,WI,595,0,0,1,0,1,0,0,0,96,3,3,104,beach,7,0,0,0,0
"Kenosha, WI",Kenosha,WI,327,2,0,3,0,6,0,0,0,79,3,0,93,beach,17,0,0,0,0
"La Crosse, WI",La Crosse,WI,790,2,0,2,0,6,0,0,1,127,2,1,141,beach,29,0,1,0,1
"Madison, WI",Madison,WI,80,8,0,8,1,9,0,0,7,408,8,22,471,beach,26,6,8,0,3
"Milwaukee, WI",Milwaukee,WI,31,8,0,35,0,22,0,0,10,293,12,62,442,beach,58,8,10,3,3
"Oshkosh, WI",Oshkosh,WI,584,1,0,0,0,6,0,0,0,51,2,10,70,beach,21,1,1,0,1
"Racine, WI",Racine,WI,473,0,0,1,0,4,0,0,1,110,1,4,121,beach,26,0,0,0,0
"Sheboygan, WI",Sheboygan,WI,835,0,0,1,0,2,0,0,0,34,0,0,37,river,4,0,0,0,0
"Waukesha, WI",Waukesha,WI,528,3,0,0,0,2,0,0,0,155,2,4,166,lake,21,0,0,0,0
"Wauwatosa, WI",Wauwatosa,WI,864,8,0,31,0,19,0,0,10,330,11,61,470,river,37,0,0,0,0
"West Allis, WI",West Allis,WI,667,8,0,29,0,20,0,0,9,338,11,59,474,river,12,0,0,0,0
"Charleston, WV",Charleston,WV,853,2,0,3,0,4,0,0,0,56,2,3,70,river,8,1,1,0,1
"Huntington, WV",Huntington,WV,893,2,0,6,0,5,0,0,4,30,2,6,55,beach,23,1,1,0,3
"Casper, WY",Casper,WY,689,0,0,0,0,8,0,0,0,40,2,0,50,river,3,0,1,0,1
"Cheyenne, WY",Cheyenne,WY,603,0,0,0,0,7,0,0,0,73,5,4,89,beach,45,1,3,0,0
